representative	member	split
3856|AE017194.1/3159877-3160019	3856|AE017194.1/3159877-3160019	train
3856|AE017194.1/3159877-3160019	1970|CM000733.1/2605431-2605289	train
3856|AE017194.1/3159877-3160019	3820|AE017225.1/3137586-3137727	train
3856|AE017194.1/3159877-3160019	1115|CP000764.1/2226760-2226902	train
3856|AE017194.1/3159877-3160019	2871|AE016877.1/3306594-3306736	train
3856|AE017194.1/3159877-3160019	3910|CP000903.1/3134671-3134815	train
3856|AE017194.1/3159877-3160019	3402|JOTN01000030.1/20270-20415	train
3856|AE017194.1/3159877-3160019	2397|AE017334.2/3137020-3137161	train
3856|AE017194.1/3159877-3160019	0335|AAJM01000259.1/5760-5617	train
3856|AE017194.1/3159877-3160019	3828|CP000764.1/2226760-2226900	train
3856|AE017194.1/3159877-3160019	1017|JOTM01000018.1/79972-80115	train
3856|AE017194.1/3159877-3160019	0175|CM000735.1/2975012-2974870	train
3884|BA000030.3/4296121-4296312	3884|BA000030.3/4296121-4296312	train
3884|BA000030.3/4296121-4296312	3194|LT670819.1/3899169-3899334	train
3884|BA000030.3/4296121-4296312	0781|KQ949085.1/141528-141354	train
3884|BA000030.3/4296121-4296312	1645|LLZN01000001.1/309839-309680	train
3884|BA000030.3/4296121-4296312	1165|MWFK01000001.1/2944787-2944616	train
3884|BA000030.3/4296121-4296312	2324|MLYO01000024.1/74482-74310	train
3884|BA000030.3/4296121-4296312	0724|KE353978.1/2394-2567	train
3884|BA000030.3/4296121-4296312	1185|CP016438.1/6145583-6145414	train
3884|BA000030.3/4296121-4296312	3514|LIWA01000001.1/976237-976093	train
3884|BA000030.3/4296121-4296312	0729|DS999641.1/3146012-3146184	train
3884|BA000030.3/4296121-4296312	0343|AL645882.2/5218370-5218188	train
3884|BA000030.3/4296121-4296312	3102|LGCN01000206.1/25016-25173	train
3884|BA000030.3/4296121-4296312	2309|KQ948208.1/342907-342738	train
3884|BA000030.3/4296121-4296312	2192|NGFN01000260.1/1522-1349	train
3884|BA000030.3/4296121-4296312	0802|AGBF01000020.1/59377-59201	train
3884|BA000030.3/4296121-4296312	2331|LGDV01000096.1/24498-24330	train
3884|BA000030.3/4296121-4296312	1180|KI866522.1/410012-410145	train
3884|BA000030.3/4296121-4296312	2527|LJGT01000041.1/293636-293455	train
3884|BA000030.3/4296121-4296312	2296|CP013142.1/4872358-4872214	train
3884|BA000030.3/4296121-4296312	3708|CP006259.1/5172635-5172466	train
3884|BA000030.3/4296121-4296312	3531|LIWB01000004.1/89804-89975	train
3884|BA000030.3/4296121-4296312	0045|KQ948932.1/187262-187104	train
3884|BA000030.3/4296121-4296312	1493|CP002994.1/9988899-9989070	train
3884|BA000030.3/4296121-4296312	3162|CP009438.1/4682795-4682628	train
3884|BA000030.3/4296121-4296312	0470|JFCB01000034.1/67711-67555	train
3884|BA000030.3/4296121-4296312	3451|KQ947988.1/416241-416408	train
3884|BA000030.3/4296121-4296312	2302|NCTE01001467.1/3545-3715	train
3884|BA000030.3/4296121-4296312	2245|FTNI01000038.1/24168-24301	train
3884|BA000030.3/4296121-4296312	1737|LOCL01000033.1/329858-329696	train
3884|BA000030.3/4296121-4296312	0419|CP013743.1/4463154-4463323	train
3884|BA000030.3/4296121-4296312	2740|LJGW01000367.1/3611-3405	train
3884|BA000030.3/4296121-4296312	1142|LGDG01000210.1/71780-71949	train
3884|BA000030.3/4296121-4296312	0051|JRKI01000061.1/975261-975431	train
3884|BA000030.3/4296121-4296312	3013|LIVZ01000004.1/384032-384201	train
3884|BA000030.3/4296121-4296312	2273|CP022433.1/4735593-4735422	train
3884|BA000030.3/4296121-4296312	1311|LMWH01000059.1/131662-131491	train
3884|BA000030.3/4296121-4296312	3805|MWJO01000118.1/15080-15251	train
3884|BA000030.3/4296121-4296312	0737|JYJH01000002.1/82735-82563	train
3884|BA000030.3/4296121-4296312	1245|FMCI01000170.1/1717-1547	train
3884|BA000030.3/4296121-4296312	1618|KQ949077.1/445333-445501	train
3884|BA000030.3/4296121-4296312	2073|LLZG01000135.1/3004-3172	train
3884|BA000030.3/4296121-4296312	2016|JH725387.1/2427348-2427518	train
3884|BA000030.3/4296121-4296312	1617|LGDU01000197.1/17128-17297	train
3884|BA000030.3/4296121-4296312	2031|KQ947989.1/674557-674731	train
3884|BA000030.3/4296121-4296312	2175|KI632511.1/7990598-7990449	train
3884|BA000030.3/4296121-4296312	1629|CP021748.1/5760508-5760351	train
3884|BA000030.3/4296121-4296312	3074|GG657757.1/5449309-5449138	train
3884|BA000030.3/4296121-4296312	3754|CM002285.1/3618018-3618187	train
3884|BA000030.3/4296121-4296312	2473|BA000030.4/4296121-4296312	train
3884|BA000030.3/4296121-4296312	2427|KE150428.1/124470-124297	train
3884|BA000030.3/4296121-4296312	2798|KQ948855.1/201600-201770	train
3884|BA000030.3/4296121-4296312	2044|CP016795.1/4938203-4938023	train
3884|BA000030.3/4296121-4296312	1897|AOPZ01000039.1/23778-23622	train
3884|BA000030.3/4296121-4296312	1662|ASHX02000001.1/2413202-2413353	train
3884|BA000030.3/4296121-4296312	1627|KQ948035.1/127610-127440	train
3884|BA000030.3/4296121-4296312	3813|AL939121.1/140405-140238	train
3884|BA000030.3/4296121-4296312	1985|LLZN01000002.1/251735-251905	train
3884|BA000030.3/4296121-4296312	0822|FZOF01000006.1/487949-488107	train
3884|BA000030.3/4296121-4296312	2533|CP007574.1/5601972-5601803	train
3884|BA000030.3/4296121-4296312	1119|KQ948018.1/353300-353128	train
3884|BA000030.3/4296121-4296312	3098|CP011497.1/3428568-3428737	train
3884|BA000030.3/4296121-4296312	1145|HE971709.1/4084326-4084479	train
3884|BA000030.3/4296121-4296312	3318|MWFK01000002.1/801680-801509	train
3884|BA000030.3/4296121-4296312	2373|GG657758.1/3148914-3149073	train
3884|BA000030.3/4296121-4296312	3389|JXTE01000054.1/54513-54680	train
3884|BA000030.3/4296121-4296312	2809|FWZW01000003.1/262958-263128	train
3884|BA000030.3/4296121-4296312	3380|KN039947.1/2095015-2095196	train
3884|BA000030.3/4296121-4296312	2207|LJCV01000310.1/33834-33660	train
3884|BA000030.3/4296121-4296312	1024|LWRP01000135.1/55877-56033	train
3884|BA000030.3/4296121-4296312	1614|MLYP01000010.1/22007-22176	train
3884|BA000030.3/4296121-4296312	3763|FLSP01000086.1/7787-7960	train
3884|BA000030.3/4296121-4296312	1861|CM000951.1/5718534-5718365	train
3884|BA000030.3/4296121-4296312	1776|LJCU01000030.1/232773-232943	train
3884|BA000030.3/4296121-4296312	3039|CP001738.1/3560385-3560534	train
3272|JAQV02000016.1/49870-50012	3272|JAQV02000016.1/49870-50012	train
3272|JAQV02000016.1/49870-50012	0665|CP005586.1/2122682-2122820	train
3272|JAQV02000016.1/49870-50012	0055|MAMP01000002.1/51053-50910	train
3272|JAQV02000016.1/49870-50012	0686|FNDC01000001.1/605428-605570	train
3272|JAQV02000016.1/49870-50012	0440|LQWY01000034.1/15879-16021	train
3272|JAQV02000016.1/49870-50012	2181|CP006643.1/2653723-2653585	train
3272|JAQV02000016.1/49870-50012	1243|JPVQ01000013.1/97800-97942	train
3272|JAQV02000016.1/49870-50012	3871|AAOX01000002.1/156408-156546	train
3103|LJCO01000085.1/104093-104280	3103|LJCO01000085.1/104093-104280	train
1742|KB290831.1/679121-678950	1742|KB290831.1/679121-678950	train
0000|LMER01000013.1/40077-39934	0000|LMER01000013.1/40077-39934	train
2049|GG697142.2/266284-266450	2049|GG697142.2/266284-266450	validation
2049|GG697142.2/266284-266450	1090|FQUG01000003.1/393517-393660	validation
2049|GG697142.2/266284-266450	1058|KI273065.1/174655-174448	validation
2049|GG697142.2/266284-266450	2562|AP012292.1/2292832-2292677	validation
2049|GG697142.2/266284-266450	2094|FPJA01000009.1/130021-129867	validation
1661|KQ758673.1/207-346	1661|KQ758673.1/207-346	validation
1661|KQ758673.1/207-346	0880|CP006643.1/188206-188343	validation
1661|KQ758673.1/207-346	2413|KV837527.1/45266-45122	validation
1661|KQ758673.1/207-346	3681|CP001983.1/3749558-3749414	validation
1661|KQ758673.1/207-346	3824|AAOX01000019.1/14342-14479	validation
1661|KQ758673.1/207-346	1684|JNVC02000015.1/128657-128517	validation
2661|MNIL01000149.1/1806-1966	2661|MNIL01000149.1/1806-1966	train
2661|MNIL01000149.1/1806-1966	0317|MNCN01000120.1/233-393	train
2661|MNIL01000149.1/1806-1966	1884|MNDI01000048.1/9848-10009	train
1352|CP001854.1/1875787-1875933	1352|CP001854.1/1875787-1875933	train
2799|LMDV01000008.1/1127925-1128075	2799|LMDV01000008.1/1127925-1128075	train
1353|FRAG01000044.1/28293-28432	1353|FRAG01000044.1/28293-28432	validation
1353|FRAG01000044.1/28293-28432	3722|FQZS01000005.1/98980-99113	validation
1353|FRAG01000044.1/28293-28432	1211|FMDO01000030.1/72006-71874	validation
1353|FRAG01000044.1/28293-28432	3124|FQXR01000002.1/223496-223629	validation
1264|CP002666.1/2279684-2279859	1264|CP002666.1/2279684-2279859	train
0918|AFDH01000031.1/221991-222126	0918|AFDH01000031.1/221991-222126	train
0918|AFDH01000031.1/221991-222126	0926|FPIU01000003.1/444345-444209	train
0918|AFDH01000031.1/221991-222126	0598|MBTG01000001.1/377309-377440	train
0918|AFDH01000031.1/221991-222126	2116|CP013652.1/93825-93960	train
0918|AFDH01000031.1/221991-222126	1976|LMSD01000034.1/323297-323431	train
0918|AFDH01000031.1/221991-222126	1663|JNVM01000010.1/414894-414759	train
0918|AFDH01000031.1/221991-222126	1393|MRTH01000005.1/138546-138682	train
0918|AFDH01000031.1/221991-222126	1444|LYPC01000022.1/6590-6723	train
0918|AFDH01000031.1/221991-222126	0811|JXAK01000014.1/63499-63361	train
0918|AFDH01000031.1/221991-222126	0402|LMSP01000044.1/255080-255212	train
2089|JMIR01000007.1/122661-122800	2089|JMIR01000007.1/122661-122800	train
1001|JXAL01000014.1/112408-112243	1001|JXAL01000014.1/112408-112243	train
2047|CAQI01000049.1/77283-77041	2047|CAQI01000049.1/77283-77041	train
2047|CAQI01000049.1/77283-77041	3008|BBUD01000344.1/392-154	train
2047|CAQI01000049.1/77283-77041	3687|BBUE01000418.1/2281-2525	train
2047|CAQI01000049.1/77283-77041	1789|CP022436.1/1130974-1131215	train
2047|CAQI01000049.1/77283-77041	2152|LMSH01000003.1/207605-207367	train
2047|CAQI01000049.1/77283-77041	3384|FVZL01000009.1/92361-92118	train
2047|CAQI01000049.1/77283-77041	2958|CP001341.1/1002065-1002308	train
2047|CAQI01000049.1/77283-77041	2399|FUZD01000023.1/40812-40597	train
2047|CAQI01000049.1/77283-77041	0681|LFQH01000058.1/55531-55770	train
2047|CAQI01000049.1/77283-77041	1668|BAEG01000083.1/195094-194852	train
2047|CAQI01000049.1/77283-77041	1100|FNSN01000003.1/3208745-3208503	train
2047|CAQI01000049.1/77283-77041	3412|AVPD02000050.1/2593-2350	train
2047|CAQI01000049.1/77283-77041	3888|CP000454.1/860269-860482	train
2047|CAQI01000049.1/77283-77041	2227|CP002379.1/868754-868995	train
2047|CAQI01000049.1/77283-77041	0847|AP014719.1/1612896-1612659	train
2047|CAQI01000049.1/77283-77041	0298|LMSG01000019.1/69608-69851	train
2047|CAQI01000049.1/77283-77041	1037|CP000474.1/1078081-1078321	train
2047|CAQI01000049.1/77283-77041	2170|CP000454.1/860239-860482	train
2047|CAQI01000049.1/77283-77041	0205|AOFD01000029.1/27020-27265	train
2047|CAQI01000049.1/77283-77041	3354|MTPV01000026.1/59122-58912	train
2047|CAQI01000049.1/77283-77041	2280|LMSB01000013.1/74385-74629	train
2047|CAQI01000049.1/77283-77041	2261|LMLR01000001.1/93298-93537	train
1363|CP015378.1/3132058-3131892	1363|CP015378.1/3132058-3131892	validation
1363|CP015378.1/3132058-3131892	1283|CP016761.1/2909170-2909008	validation
0627|CP011388.1/2793252-2793094	0627|CP011388.1/2793252-2793094	validation
0627|CP011388.1/2793252-2793094	2187|MAQX01000022.1/114452-114623	validation
0627|CP011388.1/2793252-2793094	3878|AP009389.1/2311724-2311891	validation
0627|CP011388.1/2793252-2793094	2971|AP009389.1/2311724-2311891	validation
0410|AAWL01000001.1/57092-56953	0410|AAWL01000001.1/57092-56953	train
0410|AAWL01000001.1/57092-56953	3835|AAWL01000001.1/57092-56953	train
3892|CP001348.1/2317685-2317544	3892|CP001348.1/2317685-2317544	train
3892|CP001348.1/2317685-2317544	3483|MZGX01000017.1/89119-88989	train
3892|CP001348.1/2317685-2317544	2504|CP001348.1/2317686-2317544	train
3892|CP001348.1/2317685-2317544	0647|AORV01000011.1/4309-4440	train
2432|CP005929.1/2182504-2182676	2432|CP005929.1/2182504-2182676	validation
2432|CP005929.1/2182504-2182676	2777|JRTT01000009.1/100918-100733	validation
2432|CP005929.1/2182504-2182676	1971|MEIA01000260.1/1-155	validation
2432|CP005929.1/2182504-2182676	3291|AP012319.1/1627250-1627418	validation
2432|CP005929.1/2182504-2182676	2903|CP006272.1/2157222-2157385	validation
2432|CP005929.1/2182504-2182676	0050|AP012319.1/3029021-3028844	validation
2432|CP005929.1/2182504-2182676	1994|LT629758.1/5682172-5681979	validation
0887|LZRT01000065.1/7465-7342	0887|LZRT01000065.1/7465-7342	train
3423|AP014924.1/3089827-3089983	3423|AP014924.1/3089827-3089983	train
1886|LMZT01000100.1/3310-3176	1886|LMZT01000100.1/3310-3176	validation
1571|KQ758617.1/163611-163754	1571|KQ758617.1/163611-163754	validation
3489|CP001867.1/2241928-2242088	3489|CP001867.1/2241928-2242088	validation
3489|CP001867.1/2241928-2242088	3133|FZOH01000009.1/18471-18310	validation
3489|CP001867.1/2241928-2242088	3347|FZNO01000001.1/80462-80625	validation
3489|CP001867.1/2241928-2242088	0890|FZOO01000002.1/494197-494039	validation
3064|MBLO01000035.1/18668-18502	3064|MBLO01000035.1/18668-18502	train
3064|MBLO01000035.1/18668-18502	1373|MBLN01000092.1/23736-23570	train
1910|GL834311.1/116961-117091	1910|GL834311.1/116961-117091	train
0788|AAVU01000078.1/10734-10599	0788|AAVU01000078.1/10734-10599	train
0149|MNDX01000162.1/8834-8962	0149|MNDX01000162.1/8834-8962	validation
0149|MNDX01000162.1/8834-8962	2823|MNJM01000164.1/6517-6657	validation
3501|AAVU01000012.1/6171-6317	3501|AAVU01000012.1/6171-6317	validation
3501|AAVU01000012.1/6171-6317	3765|CP003591.1/4675703-4675884	validation
2392|JAQV02000032.1/2545-2399	2392|JAQV02000032.1/2545-2399	train
3310|LILC01000002.1/557222-557362	3310|LILC01000002.1/557222-557362	train
3310|LILC01000002.1/557222-557362	2631|CVRB01000002.1/67239-67096	train
3310|LILC01000002.1/557222-557362	3112|KE150421.1/2097078-2096935	train
3310|LILC01000002.1/557222-557362	0775|JPVP01000054.1/66895-67033	train
3310|LILC01000002.1/557222-557362	1731|LGRV01000007.1/10078-9939	train
3310|LILC01000002.1/557222-557362	2010|AP012157.1/3256815-3256675	train
3310|LILC01000002.1/557222-557362	2363|LGUE01000005.1/299793-299929	train
3310|LILC01000002.1/557222-557362	0976|LIUR01000001.1/3755635-3755493	train
2593|DS990263.1/259108-258954	2593|DS990263.1/259108-258954	train
2593|DS990263.1/259108-258954	1928|HF988305.1/8643-8490	train
1686|LWLS01000024.1/153640-153814	1020|FTNF01000016.1/53489-53288	validation
1686|LWLS01000024.1/153640-153814	1686|LWLS01000024.1/153640-153814	validation
1686|LWLS01000024.1/153640-153814	0397|FMDM01000001.1/577602-577746	validation
1686|LWLS01000024.1/153640-153814	2698|FMIA01000002.1/3881948-3881806	validation
1686|LWLS01000024.1/153640-153814	2650|LT607751.1/3976196-3976025	validation
1686|LWLS01000024.1/153640-153814	0258|LGEB01000062.1/42263-42090	validation
1686|LWLS01000024.1/153640-153814	2179|HF570108.1/3238654-3238824	validation
1686|LWLS01000024.1/153640-153814	1954|LRQV01000075.1/16602-16742	validation
1686|LWLS01000024.1/153640-153814	2707|LT598496.1/2065860-2065676	validation
1686|LWLS01000024.1/153640-153814	0385|KQ058868.1/4473-4645	validation
1686|LWLS01000024.1/153640-153814	2203|CP002162.1/3766097-3765926	validation
1686|LWLS01000024.1/153640-153814	0340|FSQT01000001.1/1257598-1257770	validation
1686|LWLS01000024.1/153640-153814	2585|LT594324.1/2764289-2764116	validation
0613|CP017717.1/6459373-6459208	0613|CP017717.1/6459373-6459208	train
0132|MRTP01000008.1/259563-259353	0132|MRTP01000008.1/259563-259353	train
0132|MRTP01000008.1/259563-259353	3249|CP003355.1/324247-324449	train
0132|MRTP01000008.1/259563-259353	1640|JRNV01000035.1/45945-46151	train
0132|MRTP01000008.1/259563-259353	2537|BAVZ01000005.1/243967-244173	train
0037|AGUD01000240.1/7434-7288	0037|AGUD01000240.1/7434-7288	train
0526|JPQW01000034.1/8186-7997	0526|JPQW01000034.1/8186-7997	train
0526|JPQW01000034.1/8186-7997	1817|LMJG01000001.1/635080-635269	train
0526|JPQW01000034.1/8186-7997	1131|MKKH01000055.1/106773-106933	train
0526|JPQW01000034.1/8186-7997	2727|JPQW01000197.1/126552-126391	train
0526|JPQW01000034.1/8186-7997	2794|JNBQ01000006.1/68050-68210	train
0526|JPQW01000034.1/8186-7997	0561|CP001819.1/3426269-3426077	train
0105|FMDM01000021.1/95051-95192	3700|FSQT01000002.1/2215102-2215238	train
0105|FMDM01000021.1/95051-95192	0105|FMDM01000021.1/95051-95192	train
0105|FMDM01000021.1/95051-95192	2574|LT607751.1/2799412-2799550	train
0105|FMDM01000021.1/95051-95192	1635|MNDW01000171.1/5950-6088	train
0105|FMDM01000021.1/95051-95192	1031|LT607750.1/4232116-4231975	train
0105|FMDM01000021.1/95051-95192	2246|CP002162.1/2198105-2198247	train
0105|FMDM01000021.1/95051-95192	3901|CP000850.1/1933321-1933455	train
0105|FMDM01000021.1/95051-95192	2612|LRQV01000052.1/40840-40697	train
0105|FMDM01000021.1/95051-95192	1116|HF570108.1/2291943-2292083	train
0105|FMDM01000021.1/95051-95192	0533|CP002638.1/79369-79502	train
0105|FMDM01000021.1/95051-95192	0969|LGEB01000024.1/62935-62794	train
0105|FMDM01000021.1/95051-95192	1138|FZPH01000020.1/81603-81734	train
0105|FMDM01000021.1/95051-95192	2084|LWLS01000127.1/239161-239020	train
0105|FMDM01000021.1/95051-95192	0143|LT607413.1/148323-148185	train
0105|FMDM01000021.1/95051-95192	3321|LT598496.1/2628185-2628044	train
0105|FMDM01000021.1/95051-95192	2616|FMHV01000002.1/2870270-2870411	train
0105|FMDM01000021.1/95051-95192	3285|LT607733.1/4359249-4359109	train
0105|FMDM01000021.1/95051-95192	0263|LT607413.1/2070780-2070647	train
0105|FMDM01000021.1/95051-95192	0846|MNJM01000191.1/6067-5931	train
0105|FMDM01000021.1/95051-95192	2988|FMHT01000003.1/5037538-5037678	train
0105|FMDM01000021.1/95051-95192	3191|JXSX01000001.1/2823655-2823797	train
0105|FMDM01000021.1/95051-95192	3852|CP000667.1/1922123-1922257	train
0105|FMDM01000021.1/95051-95192	1707|LT607753.1/5488042-5488183	train
0105|FMDM01000021.1/95051-95192	1044|FTNF01000005.1/169510-169652	train
0105|FMDM01000021.1/95051-95192	0242|GG657738.1/5527671-5527813	train
0105|FMDM01000021.1/95051-95192	0761|LT594324.1/657367-657509	train
0105|FMDM01000021.1/95051-95192	0038|FSQT01000002.1/4289487-4289628	train
0105|FMDM01000021.1/95051-95192	1578|CP000667.1/1922123-1922257	train
0105|FMDM01000021.1/95051-95192	2438|FMIA01000002.1/2416100-2416244	train
0105|FMDM01000021.1/95051-95192	3621|KQ058830.1/1458-1600	train
0105|FMDM01000021.1/95051-95192	2690|LRMV01000117.1/1529-1386	train
0105|FMDM01000021.1/95051-95192	2644|CP002638.1/2012308-2012450	train
0105|FMDM01000021.1/95051-95192	0738|FTNF01000003.1/200346-200482	train
3574|LGUG01000013.1/184316-184455	3574|LGUG01000013.1/184316-184455	train
3574|LGUG01000013.1/184316-184455	0731|CP014140.1/533412-533550	train
3574|LGUG01000013.1/184316-184455	3571|LGUG01000002.1/215187-215334	train
2837|CP021744.1/2086863-2086708	0902|LIPD01000003.1/950543-950701	train
2837|CP021744.1/2086863-2086708	2546|AEJC01000348.1/1256-1091	train
2837|CP021744.1/2086863-2086708	0151|FMCO01000659.1/6721-6887	train
2837|CP021744.1/2086863-2086708	2067|LGDF01000081.1/107150-107317	train
2837|CP021744.1/2086863-2086708	2921|LIYH01000005.1/18122-17988	train
2837|CP021744.1/2086863-2086708	2852|LGKH01004432.1/150-1	train
2837|CP021744.1/2086863-2086708	2837|CP021744.1/2086863-2086708	train
2837|CP021744.1/2086863-2086708	2703|LWRP01000010.1/22668-22501	train
2837|CP021744.1/2086863-2086708	3458|LYOY01000040.1/553720-553868	train
2837|CP021744.1/2086863-2086708	2887|MKXB01000099.1/22606-22471	train
2837|CP021744.1/2086863-2086708	2106|LIVO01000013.1/155622-155455	train
2837|CP021744.1/2086863-2086708	0381|GG657754.1/3051056-3050895	train
2837|CP021744.1/2086863-2086708	0682|CP010519.1/1863428-1863290	train
2837|CP021744.1/2086863-2086708	1093|LLZG01000410.1/2667-2510	train
2837|CP021744.1/2086863-2086708	1281|LMWG01005731.1/187-20	train
2837|CP021744.1/2086863-2086708	3371|LFXA01000010.1/72241-72085	train
2837|CP021744.1/2086863-2086708	0484|KQ948560.1/23060-22901	train
2837|CP021744.1/2086863-2086708	3383|JZKH01000072.1/27388-27546	train
2837|CP021744.1/2086863-2086708	0531|LMTQ02000026.1/41546-41382	train
2837|CP021744.1/2086863-2086708	0585|DS999641.1/4157012-4157169	train
2837|CP021744.1/2086863-2086708	0401|FWZW01000015.1/120276-120442	train
2837|CP021744.1/2086863-2086708	2709|CP002475.1/3432591-3432439	train
2837|CP021744.1/2086863-2086708	0818|MLYO01000029.1/95093-95251	train
2837|CP021744.1/2086863-2086708	0719|LLZG01000131.1/52026-51832	train
2837|CP021744.1/2086863-2086708	3602|CP022433.1/4076489-4076657	train
2837|CP021744.1/2086863-2086708	2683|CP021121.1/3442960-3443129	train
2837|CP021744.1/2086863-2086708	2153|LIWA01000001.1/23677-23508	train
2837|CP021744.1/2086863-2086708	1304|MPHV01000460.1/915-1075	train
2837|CP021744.1/2086863-2086708	2434|LGDU01000330.1/25475-25640	train
2837|CP021744.1/2086863-2086708	1993|AP009493.1/4570569-4570721	train
2837|CP021744.1/2086863-2086708	2869|KE150429.1/623202-623045	train
2837|CP021744.1/2086863-2086708	2699|BBUY01000013.1/79322-79166	train
2837|CP021744.1/2086863-2086708	3695|LIWA01000006.1/528967-528808	train
2837|CP021744.1/2086863-2086708	3178|CP011497.1/2229447-2229284	train
2837|CP021744.1/2086863-2086708	2530|ASHX02000001.1/3056123-3055988	train
2837|CP021744.1/2086863-2086708	0325|LLZN01000035.1/124287-124450	train
2837|CP021744.1/2086863-2086708	3207|LFML01000068.1/128196-128355	train
2837|CP021744.1/2086863-2086708	1468|KQ947985.1/23920-23755	train
2837|CP021744.1/2086863-2086708	3375|CP013743.1/2923342-2923178	train
2837|CP021744.1/2086863-2086708	1476|CP013142.1/5891658-5891823	train
2837|CP021744.1/2086863-2086708	3530|LZNS01000001.1/4460824-4460993	train
2837|CP021744.1/2086863-2086708	2209|ASQP01000178.1/22166-21998	train
2837|CP021744.1/2086863-2086708	0961|CP017157.1/304909-305054	train
2837|CP021744.1/2086863-2086708	3849|BA000030.3/5051634-5051477	train
2837|CP021744.1/2086863-2086708	2723|CM000950.1/2001559-2001398	train
2837|CP021744.1/2086863-2086708	0473|CP002475.1/1854275-1854107	train
2837|CP021744.1/2086863-2086708	1581|LWLA01000019.1/84361-84523	train
2837|CP021744.1/2086863-2086708	2496|AOHP01000160.1/89756-89591	train
2837|CP021744.1/2086863-2086708	0825|HE971709.1/5269080-5269238	train
2837|CP021744.1/2086863-2086708	2497|LBDA02000081.1/23683-23850	train
2837|CP021744.1/2086863-2086708	2545|AOPZ01000176.1/4556-4396	train
2837|CP021744.1/2086863-2086708	3041|AP009493.1/1986394-1986228	train
2837|CP021744.1/2086863-2086708	2807|NCTE01000894.1/1425-1268	train
2837|CP021744.1/2086863-2086708	3213|CP007574.1/6775961-6776117	train
2837|CP021744.1/2086863-2086708	1701|JZWX01000033.1/2837-2679	train
2837|CP021744.1/2086863-2086708	0383|MLYP01000039.1/262805-262962	train
2837|CP021744.1/2086863-2086708	0466|KQ948770.1/23745-23578	train
2837|CP021744.1/2086863-2086708	3111|CP020563.1/4260450-4260602	train
2837|CP021744.1/2086863-2086708	2241|AGBF01000018.1/14223-14066	train
2837|CP021744.1/2086863-2086708	1604|MPOH02000011.1/1191426-1191267	train
2837|CP021744.1/2086863-2086708	3226|LGUT01000992.1/1023-1177	train
2837|CP021744.1/2086863-2086708	0617|CP003275.1/7912219-7912379	train
2837|CP021744.1/2086863-2086708	3511|GG770539.1/3229893-3229755	train
2837|CP021744.1/2086863-2086708	0721|KQ948242.1/5904-6064	train
2837|CP021744.1/2086863-2086708	0366|KQ257822.1/642030-641884	train
2837|CP021744.1/2086863-2086708	0727|LGKH01000001.1/48528-48326	train
2837|CP021744.1/2086863-2086708	2468|CP010407.1/4504553-4504699	train
2837|CP021744.1/2086863-2086708	0286|LLZI01000035.1/4798-4644	train
2837|CP021744.1/2086863-2086708	2459|CP006259.1/6324591-6324753	train
2837|CP021744.1/2086863-2086708	2345|JPRF03000047.1/20232-20075	train
2837|CP021744.1/2086863-2086708	2156|GG770539.1/1393298-1393148	train
2837|CP021744.1/2086863-2086708	0495|LOHS01000128.1/17859-17699	train
2837|CP021744.1/2086863-2086708	2937|AWOQ01000645.1/2170-2018	train
2837|CP021744.1/2086863-2086708	2670|FMDL01001510.1/8438-8607	train
2837|CP021744.1/2086863-2086708	0826|KQ948567.1/16076-15913	train
2837|CP021744.1/2086863-2086708	2999|CP006259.1/4202071-4201903	train
2837|CP021744.1/2086863-2086708	3738|LFNT01000005.1/154925-154728	train
2837|CP021744.1/2086863-2086708	2008|CM001165.1/1778441-1778290	train
2837|CP021744.1/2086863-2086708	2893|JZWV01000522.1/10495-10654	train
2837|CP021744.1/2086863-2086708	3555|CM002273.1/3331581-3331445	train
2837|CP021744.1/2086863-2086708	1866|LFBV01000002.1/1333585-1333728	train
2837|CP021744.1/2086863-2086708	0136|HE971709.1/2949607-2949444	train
2837|CP021744.1/2086863-2086708	3156|LIXJ01000012.1/194617-194768	train
2837|CP021744.1/2086863-2086708	3598|BBNO01000002.1/840970-841124	train
2837|CP021744.1/2086863-2086708	2045|BDDR01000056.1/16319-16476	train
2837|CP021744.1/2086863-2086708	1104|CP019458.1/7891138-7891302	train
2837|CP021744.1/2086863-2086708	1632|LWAB01000011.1/3109702-3109545	train
2837|CP021744.1/2086863-2086708	2696|JYJI01000134.1/13984-13825	train
2837|CP021744.1/2086863-2086708	2615|LMWG01004670.1/28594-28433	train
2837|CP021744.1/2086863-2086708	0705|CP003219.1/3581863-3582023	train
2837|CP021744.1/2086863-2086708	1318|LGUT01002561.1/1968-2117	train
2837|CP021744.1/2086863-2086708	2437|LIVO01000008.1/295874-296027	train
2837|CP021744.1/2086863-2086708	0958|LGEE01000181.1/34401-34564	train
2837|CP021744.1/2086863-2086708	2275|LGDD01000133.1/140322-140461	train
2837|CP021744.1/2086863-2086708	1010|MEHJ01000001.1/2199455-2199294	train
2837|CP021744.1/2086863-2086708	1948|CM000913.1/5503286-5503446	train
2837|CP021744.1/2086863-2086708	1870|JXOL01000150.1/428-269	train
2837|CP021744.1/2086863-2086708	0047|FN554889.1/2742229-2742060	train
2837|CP021744.1/2086863-2086708	0482|LGDV01000204.1/53313-53482	train
2837|CP021744.1/2086863-2086708	0231|KE354228.1/15909-16072	train
2837|CP021744.1/2086863-2086708	3595|MWFK01000001.1/1898041-1897884	train
2837|CP021744.1/2086863-2086708	3393|CP010519.1/4742060-4742203	train
2837|CP021744.1/2086863-2086708	3225|LMEI01000009.1/792684-792521	train
2837|CP021744.1/2086863-2086708	1045|KQ948066.1/7105-7273	train
2837|CP021744.1/2086863-2086708	1623|LZQS01000008.1/382419-382571	train
2837|CP021744.1/2086863-2086708	2796|LGCN01000236.1/9798-9641	train
2837|CP021744.1/2086863-2086708	2729|LZQS01000012.1/75245-75413	train
2837|CP021744.1/2086863-2086708	2987|ASHX02000001.1/1424787-1424625	train
2837|CP021744.1/2086863-2086708	2305|KQ948206.1/22428-22260	train
2837|CP021744.1/2086863-2086708	0315|LLZI01000286.1/24994-25148	train
2837|CP021744.1/2086863-2086708	0753|JH725387.1/1189185-1189029	train
2837|CP021744.1/2086863-2086708	0489|CP003987.1/5287694-5287840	train
2837|CP021744.1/2086863-2086708	3812|AL939118.1/280215-280371	train
2837|CP021744.1/2086863-2086708	2529|FLSP01000041.1/59802-59641	train
2837|CP021744.1/2086863-2086708	2193|LWLE01000014.1/20746-20594	train
2837|CP021744.1/2086863-2086708	1917|FYEY01000001.1/6103132-6103287	train
2837|CP021744.1/2086863-2086708	0452|LJGV01000021.1/827077-827279	train
2837|CP021744.1/2086863-2086708	2847|CP022433.1/5911934-5912091	train
2837|CP021744.1/2086863-2086708	1606|FWZW01000023.1/2348-2180	train
2837|CP021744.1/2086863-2086708	0725|LGDW01000477.1/5103-4947	train
2837|CP021744.1/2086863-2086708	3630|CP002993.1/3946762-3946916	train
2837|CP021744.1/2086863-2086708	3817|AL939125.1/103160-103305	train
2837|CP021744.1/2086863-2086708	2643|LJCX01000030.1/786105-785937	train
2837|CP021744.1/2086863-2086708	1012|LWRP01000175.1/72094-71933	train
2837|CP021744.1/2086863-2086708	0209|LGDA01000310.1/4792-4633	train
2837|CP021744.1/2086863-2086708	3735|LFNT01000102.1/21729-21886	train
2837|CP021744.1/2086863-2086708	3685|LJGW01000045.1/4341-4501	train
2837|CP021744.1/2086863-2086708	1636|CP020563.1/6451305-6451473	train
2837|CP021744.1/2086863-2086708	1355|CP011497.1/4535208-4535356	train
2837|CP021744.1/2086863-2086708	1940|LIVQ01000001.1/1579997-1579838	train
2837|CP021744.1/2086863-2086708	1251|CP009313.1/3586455-3586300	train
2837|CP021744.1/2086863-2086708	2036|CP010849.1/5899614-5899779	train
2837|CP021744.1/2086863-2086708	1240|LGDG01000074.1/31366-31199	train
2837|CP021744.1/2086863-2086708	1589|CP013142.1/3990941-3991098	train
2837|CP021744.1/2086863-2086708	2272|NGFN01000098.1/4477-4314	train
2837|CP021744.1/2086863-2086708	1103|LBDA02000112.1/22135-21975	train
2837|CP021744.1/2086863-2086708	2454|BBUY01000003.1/24953-24810	train
2837|CP021744.1/2086863-2086708	0404|FKJI03000018.1/47598-47760	train
2837|CP021744.1/2086863-2086708	0060|KQ948928.1/135750-135911	train
2837|CP021744.1/2086863-2086708	0836|CP021748.1/7073301-7073461	train
2837|CP021744.1/2086863-2086708	1916|AEJB01000173.1/298-455	train
2837|CP021744.1/2086863-2086708	2189|CP002047.1/4267523-4267327	train
2837|CP021744.1/2086863-2086708	1088|LGDZ01000029.1/109813-109973	train
2837|CP021744.1/2086863-2086708	1079|BA000030.4/2949709-2949550	train
2837|CP021744.1/2086863-2086708	0228|CP016438.1/7475916-7476079	train
2837|CP021744.1/2086863-2086708	1389|KQ948870.1/58078-57915	train
2837|CP021744.1/2086863-2086708	2993|FODD01000004.1/227443-227261	train
2837|CP021744.1/2086863-2086708	2136|CM002280.1/2074722-2074554	train
2837|CP021744.1/2086863-2086708	0464|KN039947.1/1058804-1058640	train
2837|CP021744.1/2086863-2086708	0703|LJGV01000022.1/4337022-4336867	train
2837|CP021744.1/2086863-2086708	0600|CM000950.1/4206548-4206704	train
2837|CP021744.1/2086863-2086708	2411|FYEY01000001.1/3675074-3674892	train
2837|CP021744.1/2086863-2086708	2138|CM000951.1/6894094-6894251	train
2837|CP021744.1/2086863-2086708	1927|JRKI01000003.1/611211-611353	train
2837|CP021744.1/2086863-2086708	3368|JZWZ01000011.1/27358-27203	train
2837|CP021744.1/2086863-2086708	0443|LISW01000004.1/24129-23976	train
2837|CP021744.1/2086863-2086708	0980|LMIZ01000005.1/121267-121434	train
2837|CP021744.1/2086863-2086708	3518|AJSZ01000507.1/2828-2973	train
2837|CP021744.1/2086863-2086708	2769|KQ949084.1/230343-230500	train
2837|CP021744.1/2086863-2086708	3713|LLZK01000228.1/26908-26746	train
2837|CP021744.1/2086863-2086708	2826|KQ257825.1/272441-272600	train
2837|CP021744.1/2086863-2086708	0028|GG657757.1/6571600-6571764	train
2837|CP021744.1/2086863-2086708	2818|BA000030.4/5051634-5051477	train
2837|CP021744.1/2086863-2086708	0742|LYOY01000051.1/428383-428543	train
2837|CP021744.1/2086863-2086708	2304|JTIY01000001.1/189701-189539	train
2837|CP021744.1/2086863-2086708	1722|AEJC01000563.1/9934-9762	train
2837|CP021744.1/2086863-2086708	3127|LGDF01000136.1/21041-20888	train
2837|CP021744.1/2086863-2086708	0888|FMDF01000182.1/107007-107173	train
2837|CP021744.1/2086863-2086708	2945|CP011664.1/5913177-5913336	train
2837|CP021744.1/2086863-2086708	0253|MVFC01000024.1/29924-29771	train
2837|CP021744.1/2086863-2086708	1966|LGDG01000036.1/14317-14160	train
2837|CP021744.1/2086863-2086708	0758|CP017316.1/3054327-3054193	train
2837|CP021744.1/2086863-2086708	1596|LJCV01000101.1/10477-10319	train
2837|CP021744.1/2086863-2086708	0214|KQ949024.1/815853-815691	train
2837|CP021744.1/2086863-2086708	0749|FMCH01000413.1/87680-87544	train
2837|CP021744.1/2086863-2086708	3400|LT670819.1/5255006-5255174	train
2837|CP021744.1/2086863-2086708	2704|DS999641.1/2102573-2102408	train
2837|CP021744.1/2086863-2086708	2100|KI547042.1/76594-76451	train
2837|CP021744.1/2086863-2086708	0767|LLZN01000071.1/14565-14408	train
2837|CP021744.1/2086863-2086708	3724|CP010849.1/4203331-4203488	train
2837|CP021744.1/2086863-2086708	3269|LMHX01000050.1/26861-26698	train
2837|CP021744.1/2086863-2086708	2466|ASQP01000063.1/1093-896	train
2837|CP021744.1/2086863-2086708	1219|GG753626.1/4793890-4794052	train
2837|CP021744.1/2086863-2086708	3692|MWJO01000051.1/40461-40618	train
2837|CP021744.1/2086863-2086708	2716|CM001165.1/3583139-3583001	train
2837|CP021744.1/2086863-2086708	0376|AJSZ01000229.1/2883-2720	train
2837|CP021744.1/2086863-2086708	0077|CP003987.1/3041091-3040935	train
2837|CP021744.1/2086863-2086708	3117|CP016795.1/6035577-6035741	train
2837|CP021744.1/2086863-2086708	3006|MPOH02000009.1/237582-237414	train
2837|CP021744.1/2086863-2086708	0685|LMWG01001113.1/105251-105429	train
2837|CP021744.1/2086863-2086708	3569|LFBV01000004.1/110341-110504	train
2837|CP021744.1/2086863-2086708	3610|LISW01000001.1/112011-112175	train
2837|CP021744.1/2086863-2086708	0549|GG657750.1/5890349-5890506	train
2837|CP021744.1/2086863-2086708	1161|FMCO01000531.1/10252-10100	train
2837|CP021744.1/2086863-2086708	3857|BA000030.3/2949709-2949550	train
2837|CP021744.1/2086863-2086708	2894|LJCV01000133.1/74815-74972	train
2837|CP021744.1/2086863-2086708	3322|JNAD01000094.1/446-613	train
2837|CP021744.1/2086863-2086708	0152|FR845719.1/4195346-4195492	train
2837|CP021744.1/2086863-2086708	2730|JXTE01000027.1/11521-11364	train
2837|CP021744.1/2086863-2086708	0854|JRKI01000056.1/94464-94308	train
2837|CP021744.1/2086863-2086708	1537|MWJO01000029.1/43137-42976	train
2837|CP021744.1/2086863-2086708	2248|CP021744.1/4175445-4175613	train
2837|CP021744.1/2086863-2086708	0562|JH725387.1/3520388-3520567	train
2837|CP021744.1/2086863-2086708	3212|FZOF01000003.1/459019-458862	train
2837|CP021744.1/2086863-2086708	0992|ANSJ01000040.1/16903-16749	train
2837|CP021744.1/2086863-2086708	0415|LGDZ01000200.1/58088-58256	train
2837|CP021744.1/2086863-2086708	3671|FMCI01000339.1/10931-10774	train
2837|CP021744.1/2086863-2086708	2205|CP016795.1/3606452-3606296	train
2837|CP021744.1/2086863-2086708	0505|MVFC01000021.1/111853-111996	train
2837|CP021744.1/2086863-2086708	0570|JXOM01000889.1/258-106	train
2837|CP021744.1/2086863-2086708	1139|CM002285.1/4970300-4970468	train
2837|CP021744.1/2086863-2086708	0115|LGKG01000135.1/20467-20335	train
2837|CP021744.1/2086863-2086708	1834|LOCL01000082.1/31261-31103	train
2837|CP021744.1/2086863-2086708	3604|MEHK01000001.1/5476167-5476326	train
2837|CP021744.1/2086863-2086708	0973|LIXJ01000026.1/60225-60056	train
2837|CP021744.1/2086863-2086708	0043|FN554889.1/5467025-5467186	train
2837|CP021744.1/2086863-2086708	3618|LGCN01000063.1/70659-70823	train
2837|CP021744.1/2086863-2086708	3585|JFCB01000004.1/103599-103762	train
2837|CP021744.1/2086863-2086708	3037|LMWH01000266.1/128235-128445	train
2837|CP021744.1/2086863-2086708	1055|FPJO01000026.1/75627-75779	train
2837|CP021744.1/2086863-2086708	0285|FKJI03000068.1/382-550	train
2837|CP021744.1/2086863-2086708	3679|CP011492.1/4671056-4671231	train
2837|CP021744.1/2086863-2086708	1337|LGDV01000038.1/26619-26783	train
2837|CP021744.1/2086863-2086708	0437|LIWB01000005.1/524529-524686	train
2837|CP021744.1/2086863-2086708	1921|NCTE01000831.1/22118-22282	train
2837|CP021744.1/2086863-2086708	3443|AWOQ01000775.1/4319-4153	train
2837|CP021744.1/2086863-2086708	2657|LT670819.1/2587405-2587240	train
2837|CP021744.1/2086863-2086708	0899|JNAD01000003.1/249871-249653	train
2837|CP021744.1/2086863-2086708	2776|CP003275.1/5710421-5710256	train
2837|CP021744.1/2086863-2086708	2477|LLZK01000261.1/22682-22535	train
2837|CP021744.1/2086863-2086708	0249|FMDF01000058.1/24682-24530	train
2837|CP021744.1/2086863-2086708	0625|MTKC01000003.1/4307610-4307768	train
2837|CP021744.1/2086863-2086708	2356|CM000951.1/4495657-4495500	train
2837|CP021744.1/2086863-2086708	0079|JZWY01000846.1/2327-2157	train
2837|CP021744.1/2086863-2086708	0747|JFCB01000041.1/16373-16216	train
2837|CP021744.1/2086863-2086708	3121|KK106991.1/665949-666106	train
2837|CP021744.1/2086863-2086708	2215|AEYX01000042.1/120829-120983	train
2837|CP021744.1/2086863-2086708	3608|LIVZ01000002.1/593076-592911	train
2837|CP021744.1/2086863-2086708	3264|LGUU01000016.1/12212-12057	train
2837|CP021744.1/2086863-2086708	2300|LGDE01000035.1/87322-87163	train
2837|CP021744.1/2086863-2086708	3709|GG657758.1/2015322-2015159	train
2837|CP021744.1/2086863-2086708	3693|MLYO01000064.1/31700-31867	train
2837|CP021744.1/2086863-2086708	2258|LMEI01000013.1/776607-776753	train
2837|CP021744.1/2086863-2086708	2111|LJGU01000141.1/64656-64842	train
2837|CP021744.1/2086863-2086708	1771|LGKG01000199.1/5852-6008	train
2837|CP021744.1/2086863-2086708	2687|FR845719.1/5992967-5993131	train
2837|CP021744.1/2086863-2086708	1536|MWFK01000001.1/4088273-4088431	train
2837|CP021744.1/2086863-2086708	3110|FMCI01000250.1/46364-46205	train
2837|CP021744.1/2086863-2086708	0314|GG657754.1/4918403-4918263	train
2837|CP021744.1/2086863-2086708	0271|KQ948030.1/144359-144195	train
2837|CP021744.1/2086863-2086708	1428|BBNO01000008.1/608060-607905	train
2837|CP021744.1/2086863-2086708	0641|CP021748.1/4430944-4430809	train
2837|CP021744.1/2086863-2086708	1953|MPHV01001052.1/1639-1482	train
2837|CP021744.1/2086863-2086708	0206|LJCU01000086.1/15410-15253	train
2837|CP021744.1/2086863-2086708	2726|LGDW01000236.1/98244-98077	train
2837|CP021744.1/2086863-2086708	2340|KK106988.1/1642826-1642987	train
2837|CP021744.1/2086863-2086708	2706|CP009438.1/5735195-5735359	train
2837|CP021744.1/2086863-2086708	0462|CP012382.1/5921868-5922032	train
2837|CP021744.1/2086863-2086708	1176|LJCX01000028.1/840125-840293	train
2837|CP021744.1/2086863-2086708	1666|GG753626.1/2719547-2719390	train
2837|CP021744.1/2086863-2086708	1828|JXOM01000852.1/1830-1966	train
2837|CP021744.1/2086863-2086708	2848|MEHJ01000001.1/4268381-4268526	train
2837|CP021744.1/2086863-2086708	2166|FMDK01000237.1/1075-1229	train
2837|CP021744.1/2086863-2086708	0341|CM002273.1/1422668-1422515	train
2837|CP021744.1/2086863-2086708	2640|LJCU01000065.1/118884-119044	train
2837|CP021744.1/2086863-2086708	3801|AEYX01000038.1/231719-231875	train
2837|CP021744.1/2086863-2086708	3011|AL645882.2/6392145-6392309	train
2837|CP021744.1/2086863-2086708	0262|KQ948857.1/20477-20308	train
2837|CP021744.1/2086863-2086708	2892|LOHS01000052.1/21165-21022	train
2837|CP021744.1/2086863-2086708	2822|AEJB01000404.1/171-338	train
2837|CP021744.1/2086863-2086708	2705|CP002993.1/5571697-5571863	train
2837|CP021744.1/2086863-2086708	1705|LGDU01000399.1/19647-19489	train
2837|CP021744.1/2086863-2086708	2025|LIVZ01000020.1/70437-70594	train
2837|CP021744.1/2086863-2086708	1906|FMCH01000096.1/15052-15241	train
2837|CP021744.1/2086863-2086708	0934|CP002047.1/6995978-6996154	train
2837|CP021744.1/2086863-2086708	3284|MKXB01000137.1/58213-58050	train
2837|CP021744.1/2086863-2086708	0496|LGEE01000263.1/23476-23622	train
2837|CP021744.1/2086863-2086708	3746|CP017316.1/5040586-5040747	train
2837|CP021744.1/2086863-2086708	0844|KQ948946.1/94019-94176	train
2837|CP021744.1/2086863-2086708	1890|CM002285.1/2305247-2305087	train
2837|CP021744.1/2086863-2086708	1977|LGKH01002224.1/552367-552209	train
2837|CP021744.1/2086863-2086708	3720|AORZ01000074.1/2151-1995	train
2837|CP021744.1/2086863-2086708	0756|LMIZ01000007.1/24764-24596	train
2837|CP021744.1/2086863-2086708	1941|LWAB01000010.1/369176-369014	train
2837|CP021744.1/2086863-2086708	1712|LWLE01000013.1/117126-117294	train
2837|CP021744.1/2086863-2086708	0551|JXTE01000005.1/118179-118348	train
2837|CP021744.1/2086863-2086708	2219|KQ949096.1/129323-129484	train
2837|CP021744.1/2086863-2086708	2007|AL645882.2/4507165-4507321	train
2837|CP021744.1/2086863-2086708	1989|LMTQ02000028.1/22572-22415	train
2837|CP021744.1/2086863-2086708	0299|LJGT01000038.1/735934-735770	train
2837|CP021744.1/2086863-2086708	0950|JYJH01000006.1/231693-231530	train
2837|CP021744.1/2086863-2086708	1499|AOPZ01000258.1/1717-1877	train
2837|CP021744.1/2086863-2086708	3253|JWZS01001087.1/2353-2194	train
2837|CP021744.1/2086863-2086708	2591|KQ947987.1/125932-126098	train
2837|CP021744.1/2086863-2086708	3066|LGDD01000106.1/64127-63968	train
2837|CP021744.1/2086863-2086708	1925|CP017157.1/6208083-6207927	train
2837|CP021744.1/2086863-2086708	1000|LJCW01000379.1/71378-71219	train
2837|CP021744.1/2086863-2086708	3152|CP013743.1/5474980-5475137	train
2837|CP021744.1/2086863-2086708	1143|LMWH01000238.1/101302-101458	train
2837|CP021744.1/2086863-2086708	0176|LAVA02000123.1/31142-31309	train
2837|CP021744.1/2086863-2086708	0697|FMDL01001477.1/1275-1123	train
2837|CP021744.1/2086863-2086708	1455|FPJO01000008.1/39561-39727	train
2837|CP021744.1/2086863-2086708	1575|CP002994.1/2128397-2128560	train
2837|CP021744.1/2086863-2086708	0578|CP010407.1/6281389-6281554	train
2837|CP021744.1/2086863-2086708	0195|LOCL01000042.1/23726-23588	train
2837|CP021744.1/2086863-2086708	0914|LIYH01000003.1/823690-823527	train
2837|CP021744.1/2086863-2086708	0014|LGKH01004058.1/279-415	train
2837|CP021744.1/2086863-2086708	2247|JTHL01000001.1/4984699-4984854	train
2837|CP021744.1/2086863-2086708	2519|KQ948763.1/51787-51948	train
2837|CP021744.1/2086863-2086708	3575|LNSV01000061.1/36909-36746	train
2837|CP021744.1/2086863-2086708	3431|KE150426.1/2483926-2483764	train
2837|CP021744.1/2086863-2086708	3261|CP012382.1/3805684-3805528	train
2837|CP021744.1/2086863-2086708	2069|CP007574.1/4538544-4538388	train
2837|CP021744.1/2086863-2086708	3292|LIWB01000001.1/133195-133359	train
2837|CP021744.1/2086863-2086708	0644|LNSV01000037.1/20897-20761	train
2837|CP021744.1/2086863-2086708	2578|FZOF01000002.1/530111-529972	train
2837|CP021744.1/2086863-2086708	1467|LGUU01000256.1/31078-31233	train
2837|CP021744.1/2086863-2086708	3266|MTKC01000003.1/2128906-2128737	train
2837|CP021744.1/2086863-2086708	2752|JYJF01000019.1/25060-24902	train
2837|CP021744.1/2086863-2086708	2271|AGBF01000006.1/4569-4406	train
2837|CP021744.1/2086863-2086708	1346|CP016438.1/4812384-4812229	train
2837|CP021744.1/2086863-2086708	2066|CM000913.1/3687159-3687315	train
2837|CP021744.1/2086863-2086708	0894|LJGU01000113.1/242445-242288	train
2837|CP021744.1/2086863-2086708	3420|KQ949032.1/386698-386865	train
2328|CP002993.1/2883746-2883609	2328|CP002993.1/2883746-2883609	train
0323|LGUG01000004.1/4756265-4756395	0323|LGUG01000004.1/4756265-4756395	train
0323|LGUG01000004.1/4756265-4756395	2144|CP014140.1/2659642-2659768	train
1876|MNJN01000099.1/18028-17859	1008|CP001700.1/1714581-1714413	train
1876|MNJN01000099.1/18028-17859	1876|MNJN01000099.1/18028-17859	train
2019|LGEB01000001.1/324390-324527	2019|LGEB01000001.1/324390-324527	train
2019|LGEB01000001.1/324390-324527	2441|HF570108.1/86379-86515	train
1735|LMWG01005091.1/1-115	1735|LMWG01005091.1/1-115	train
1414|CP002216.1/1682450-1682288	1414|CP002216.1/1682450-1682288	train
1414|CP002216.1/1682450-1682288	3056|CP000679.1/1179808-1179970	train
3336|MJLT01000012.1/304224-304028	3336|MJLT01000012.1/304224-304028	train
3336|MJLT01000012.1/304224-304028	0364|MTPV01000034.1/86173-86368	train
2169|LGTC01000001.1/339039-339181	2169|LGTC01000001.1/339039-339181	train
2169|LGTC01000001.1/339039-339181	0330|MZGX01000015.1/127629-127761	train
2169|LGTC01000001.1/339039-339181	2697|CP001348.1/872452-872592	train
2169|LGTC01000001.1/339039-339181	2949|CP001348.1/2494668-2494838	train
2169|LGTC01000001.1/339039-339181	3895|CP001348.1/872452-872592	train
3275|GL635756.1/66697-66548	3275|GL635756.1/66697-66548	train
3275|GL635756.1/66697-66548	0833|LAYY01000005.1/68848-68997	train
2178|MHEH01000145.1/5043-5180	2178|MHEH01000145.1/5043-5180	train
2178|MHEH01000145.1/5043-5180	1637|MHEF01000168.1/43470-43330	train
3853|CP000612.1/2353812-2353671	3853|CP000612.1/2353812-2353671	train
3853|CP000612.1/2353812-2353671	1049|FRAR01000043.1/5884-5743	train
3853|CP000612.1/2353812-2353671	1135|CAOS01000001.1/155826-155962	train
3853|CP000612.1/2353812-2353671	0265|CP019698.1/2193498-2193360	train
3853|CP000612.1/2353812-2353671	0094|FQUY01000007.1/78080-78218	train
3853|CP000612.1/2353812-2353671	2778|CP000612.1/2353812-2353671	train
3023|MENA01000139.1/27945-27803	3023|MENA01000139.1/27945-27803	validation
2639|MRCD01000020.1/64008-63893	2639|MRCD01000020.1/64008-63893	train
0116|MBRE01000069.1/45568-45773	0116|MBRE01000069.1/45568-45773	train
3427|CP001859.1/950303-950425	3427|CP001859.1/950303-950425	train
3042|GG667196.1/169107-169289	3042|GG667196.1/169107-169289	train
0353|CP013653.1/3769335-3769179	0353|CP013653.1/3769335-3769179	train
3307|CCRF01000043.1/14220-14361	3307|CCRF01000043.1/14220-14361	validation
3307|CCRF01000043.1/14220-14361	0622|FXWM01000001.1/2916511-2916655	validation
0579|FRFE01000034.1/32538-32397	0579|FRFE01000034.1/32538-32397	train
0579|FRFE01000034.1/32538-32397	0706|MGTI01000181.1/2326-2185	train
0579|FRFE01000034.1/32538-32397	3096|JROS01000121.1/1116-1257	train
0579|FRFE01000034.1/32538-32397	0221|LADS01000015.1/23584-23724	train
0579|FRFE01000034.1/32538-32397	2457|AP010904.1/5075820-5075955	train
0579|FRFE01000034.1/32538-32397	3052|JSEH01000028.1/12722-12584	train
0579|FRFE01000034.1/32538-32397	0036|CP001197.1/1194635-1194783	train
2091|CP003947.1/2839119-2838986	2091|CP003947.1/2839119-2838986	train
3697|CP003642.1/2617344-2617226	3697|CP003642.1/2617344-2617226	train
2713|DS999574.1/16870-16691	2713|DS999574.1/16870-16691	train
1968|JXAL01000008.1/108826-108695	1968|JXAL01000008.1/108826-108695	train
2366|LKHP01000001.1/308015-308139	3911|AE008691.1/890816-890945	train
2366|LKHP01000001.1/308015-308139	2366|LKHP01000001.1/308015-308139	train
2366|LKHP01000001.1/308015-308139	0534|HF952018.1/1000685-1000557	train
2366|LKHP01000001.1/308015-308139	1567|CP000924.1/1503502-1503372	train
2366|LKHP01000001.1/308015-308139	0656|AE008691.1/890816-890945	train
2366|LKHP01000001.1/308015-308139	3905|CP000924.1/1503502-1503372	train
2366|LKHP01000001.1/308015-308139	2486|CAKP01000007.1/9827-9959	train
3500|AHKH01000008.1/111062-111225	2201|BALG01000112.1/11210-11048	train
3500|AHKH01000008.1/111062-111225	3500|AHKH01000008.1/111062-111225	train
2620|CP002207.1/2619018-2619166	2620|CP002207.1/2619018-2619166	validation
2620|CP002207.1/2619018-2619166	1887|FRCZ01000001.1/759316-759171	validation
2620|CP002207.1/2619018-2619166	0848|AL009126.3/3188193-3188341	validation
2620|CP002207.1/2619018-2619166	3907|AL009126.3/3188193-3188341	validation
1487|LWLV01000864.1/459-622	1487|LWLV01000864.1/459-622	validation
1487|LWLV01000864.1/459-622	0552|AP006840.1/282017-282180	validation
1487|LWLV01000864.1/459-622	1516|LWLV01002080.1/606-442	validation
2626|LMSU01000001.1/422237-422059	2626|LMSU01000001.1/422237-422059	validation
1009|JXAK01000096.1/2016-1867	1009|JXAK01000096.1/2016-1867	train
0730|LADO01000051.1/75981-75820	0730|LADO01000051.1/75981-75820	train
2115|GL987994.1/492203-492063	2115|GL987994.1/492203-492063	train
1538|MLQQ01000051.1/13947-14093	1538|MLQQ01000051.1/13947-14093	train
1538|MLQQ01000051.1/13947-14093	1255|CCDP010000002.1/830140-829989	train
1538|MLQQ01000051.1/13947-14093	2168|JRJU01000035.1/3349-3204	train
1538|MLQQ01000051.1/13947-14093	3668|LQXD01000196.1/1122-1251	train
1538|MLQQ01000051.1/13947-14093	3004|MLQR01000001.1/36430-36577	train
1538|MLQQ01000051.1/13947-14093	1472|CP020814.1/1581866-1581724	train
0732|LCYH01000015.1/28451-28629	1990|FQ311875.1/623036-623186	train
0732|LCYH01000015.1/28451-28629	0732|LCYH01000015.1/28451-28629	train
3520|FMJL01000024.1/35397-35259	3520|FMJL01000024.1/35397-35259	validation
0648|HF570958.1/1152006-1151833	0648|HF570958.1/1152006-1151833	train
2085|CP003219.1/1382360-1382176	2085|CP003219.1/1382360-1382176	train
0678|JHUR01000006.1/38186-38326	0678|JHUR01000006.1/38186-38326	train
0678|JHUR01000006.1/38186-38326	0583|BAWO01000029.1/48705-48846	train
0678|JHUR01000006.1/38186-38326	0532|LQYX01000075.1/55113-55254	train
0678|JHUR01000006.1/38186-38326	2991|CP002293.1/224762-224908	train
0678|JHUR01000006.1/38186-38326	2758|BA000043.1/224415-224554	train
0678|JHUR01000006.1/38186-38326	2531|LJAJ01000012.1/25298-25160	train
0678|JHUR01000006.1/38186-38326	3819|BA000043.1/224415-224554	train
0663|MBFF02000158.1/3177-3321	0663|MBFF02000158.1/3177-3321	train
0663|MBFF02000158.1/3177-3321	2556|FZNO01000068.1/1309-1444	train
0663|MBFF02000158.1/3177-3321	3377|JPMX01000075.1/164711-164863	train
3596|NHRJ01000014.1/75880-75740	3596|NHRJ01000014.1/75880-75740	validation
3596|NHRJ01000014.1/75880-75740	3567|MRTH01000022.1/84929-85061	validation
1535|AURB01000047.1/4921-4778	1535|AURB01000047.1/4921-4778	train
3507|JXIQ01000141.1/9209-9086	3507|JXIQ01000141.1/9209-9086	train
3174|ABVL01000001.1/37426-37600	3174|ABVL01000001.1/37426-37600	validation
2830|JXZB01000004.1/2575933-2576096	2830|JXZB01000004.1/2575933-2576096	train
2830|JXZB01000004.1/2575933-2576096	3504|KK853997.1/4396113-4396276	train
2830|JXZB01000004.1/2575933-2576096	0779|AP010968.1/4750844-4751007	train
0296|LAZU01000023.1/21044-20904	0296|LAZU01000023.1/21044-20904	train
0296|LAZU01000023.1/21044-20904	1649|LT840184.1/3711206-3711068	train
3021|KV837527.1/52677-52537	3021|KV837527.1/52677-52537	validation
3021|KV837527.1/52677-52537	0162|JNVC02000015.1/135870-135727	validation
0689|MFPR01000001.1/57567-57711	0689|MFPR01000001.1/57567-57711	validation
0207|AOCK01000003.1/23463-23281	0207|AOCK01000003.1/23463-23281	train
0207|AOCK01000003.1/23463-23281	0751|MOLR01000013.1/105740-105557	train
0207|AOCK01000003.1/23463-23281	3756|AOCK01000008.1/51502-51685	train
0207|AOCK01000003.1/23463-23281	3476|MOLR01000008.1/410033-410214	train
0207|AOCK01000003.1/23463-23281	3145|CP022462.1/3076594-3076412	train
0207|AOCK01000003.1/23463-23281	1609|CP022462.1/3696600-3696417	train
3009|CP016761.1/748871-749027	3009|CP016761.1/748871-749027	validation
3009|CP016761.1/748871-749027	2376|CP015378.1/768195-768356	validation
3211|CP002344.1/995022-995259	3211|CP002344.1/995022-995259	train
3203|MGOC01000147.1/552-424	3203|MGOC01000147.1/552-424	train
1345|MRBZ01000066.1/20208-19947	0255|KQ976354.1/538441-538224	train
1345|MRBZ01000066.1/20208-19947	1844|CP000393.1/5425170-5424983	train
1345|MRBZ01000066.1/20208-19947	3273|CP001291.1/5815887-5816064	train
1345|MRBZ01000066.1/20208-19947	3452|CP003597.1/1746660-1746444	train
1345|MRBZ01000066.1/20208-19947	1869|CP003646.1/356445-356312	train
1345|MRBZ01000066.1/20208-19947	3350|JHEG02000048.1/116628-116402	train
1345|MRBZ01000066.1/20208-19947	1345|MRBZ01000066.1/20208-19947	train
1345|MRBZ01000066.1/20208-19947	1069|LATL02000155.1/7152-7007	train
1345|MRBZ01000066.1/20208-19947	1013|AP017295.1/4410968-4410744	train
1345|MRBZ01000066.1/20208-19947	0237|AP017295.1/4134192-4133982	train
1345|MRBZ01000066.1/20208-19947	1803|ALVY01000220.1/66196-66050	train
1345|MRBZ01000066.1/20208-19947	1770|JXCA01000014.1/359834-360029	train
1345|MRBZ01000066.1/20208-19947	0773|JHEG02000037.1/355945-356183	train
1345|MRBZ01000066.1/20208-19947	0074|CP003284.1/805837-805641	train
1345|MRBZ01000066.1/20208-19947	1094|JSDP01000078.1/23275-23079	train
1345|MRBZ01000066.1/20208-19947	2297|JXCB01000002.1/77986-77769	train
1345|MRBZ01000066.1/20208-19947	3359|CP002198.1/855912-856066	train
1345|MRBZ01000066.1/20208-19947	2878|BA000019.2/5415286-5415500	train
1345|MRBZ01000066.1/20208-19947	1484|KQ976354.1/2133035-2133258	train
1345|MRBZ01000066.1/20208-19947	1658|AGIZ01000002.1/281905-282045	train
1345|MRBZ01000066.1/20208-19947	1576|CP003630.1/2926134-2926322	train
1345|MRBZ01000066.1/20208-19947	2439|CP003610.1/1547146-1547332	train
1345|MRBZ01000066.1/20208-19947	1752|BA000019.2/3677501-3677278	train
1345|MRBZ01000066.1/20208-19947	2173|CP001037.1/1617768-1617532	train
1345|MRBZ01000066.1/20208-19947	3297|CP003597.1/3254458-3254593	train
1345|MRBZ01000066.1/20208-19947	2482|LJOY01000035.1/31347-31152	train
1345|MRBZ01000066.1/20208-19947	0699|JH930372.1/6438-6582	train
1345|MRBZ01000066.1/20208-19947	0614|DS989843.1/71044-71181	train
1345|MRBZ01000066.1/20208-19947	3725|CP001037.1/1924322-1924108	train
1345|MRBZ01000066.1/20208-19947	1350|CDHJ01000181.1/41521-41740	train
1345|MRBZ01000066.1/20208-19947	0399|CP003548.1/5698798-5699007	train
1345|MRBZ01000066.1/20208-19947	2381|CP003642.1/2621140-2620943	train
1345|MRBZ01000066.1/20208-19947	1591|CP011382.1/5477588-5477761	train
1345|MRBZ01000066.1/20208-19947	3606|CP003552.1/1235434-1235217	train
1345|MRBZ01000066.1/20208-19947	2984|CP003943.1/3030212-3030354	train
1345|MRBZ01000066.1/20208-19947	0166|CP003646.1/325477-325300	train
1345|MRBZ01000066.1/20208-19947	0548|JTJC02000123.1/23258-23055	train
1345|MRBZ01000066.1/20208-19947	3769|LIRN01000082.1/125466-125606	train
1345|MRBZ01000066.1/20208-19947	2035|MJGC01000086.1/1590-1419	train
1345|MRBZ01000066.1/20208-19947	3572|MRBZ01000230.1/9409-9174	train
1345|MRBZ01000066.1/20208-19947	2508|LJOT01000137.1/5928-5732	train
1345|MRBZ01000066.1/20208-19947	2557|CP003614.1/3311253-3311466	train
1345|MRBZ01000066.1/20208-19947	2393|CP003659.1/5280774-5280556	train
1345|MRBZ01000066.1/20208-19947	1272|CP003620.1/4027250-4027417	train
1345|MRBZ01000066.1/20208-19947	0083|JTCM01000011.1/631366-631602	train
1345|MRBZ01000066.1/20208-19947	1381|CP003943.1/6798374-6798174	train
0345|JRTT01000025.1/106489-106664	0345|JRTT01000025.1/106489-106664	train
0345|JRTT01000025.1/106489-106664	3445|FZNR01000005.1/360571-360395	train
3750|LMHX01000051.1/247657-247489	3750|LMHX01000051.1/247657-247489	train
3750|LMHX01000051.1/247657-247489	1300|ASQP01000529.1/25564-25396	train
3750|LMHX01000051.1/247657-247489	1372|CP011664.1/3424948-3424781	train
3750|LMHX01000051.1/247657-247489	0201|LFML01000111.1/53124-52954	train
3750|LMHX01000051.1/247657-247489	2710|AORZ01000073.1/16871-17050	train
3750|LMHX01000051.1/247657-247489	3277|JZWZ01000012.1/8165-7983	train
3750|LMHX01000051.1/247657-247489	1969|JZWX01001700.1/2460-2289	train
3750|LMHX01000051.1/247657-247489	1915|LFXA01000001.1/103161-102983	train
3750|LMHX01000051.1/247657-247489	3182|CP002047.1/5704820-5704650	train
3750|LMHX01000051.1/247657-247489	2064|LJCW01000076.1/25732-25901	train
3750|LMHX01000051.1/247657-247489	2023|JZWY01000718.1/1970-2133	train
3341|MRTK01000019.1/99063-98897	3341|MRTK01000019.1/99063-98897	validation
3341|MRTK01000019.1/99063-98897	2950|MRTD01000005.1/187860-188064	validation
3341|MRTK01000019.1/99063-98897	3809|LMRV01000088.1/30748-30546	validation
3341|MRTK01000019.1/99063-98897	3287|MAQX01000034.1/247132-246928	validation
2231|AFVQ02000182.1/27438-27291	3428|AWTC01000012.1/83599-83452	validation
2231|AFVQ02000182.1/27438-27291	2231|AFVQ02000182.1/27438-27291	validation
2231|AFVQ02000182.1/27438-27291	0100|JOTM01000020.1/10106-10251	validation
1856|CP002380.1/107554-107361	1445|LMSH01000002.1/1316152-1316346	validation
1856|CP002380.1/107554-107361	1856|CP002380.1/107554-107361	validation
1856|CP002380.1/107554-107361	1839|LMLR01000011.1/256270-256070	validation
1856|CP002380.1/107554-107361	0946|CAQI01000042.1/142737-142934	validation
1856|CP002380.1/107554-107361	0114|FUZD01000014.1/83332-83131	validation
1856|CP002380.1/107554-107361	0394|AVPD02000038.1/2383-2215	validation
1856|CP002380.1/107554-107361	3106|CP000474.1/421176-421367	validation
1856|CP002380.1/107554-107361	0726|CAQI01000051.1/92683-92487	validation
1856|CP002380.1/107554-107361	2895|CP000455.1/45774-45964	validation
1856|CP002380.1/107554-107361	0917|CP022436.1/460165-460357	validation
1856|CP002380.1/107554-107361	1347|BAEG01000069.1/59867-59666	validation
1453|CP001656.1/6859858-6860052	1453|CP001656.1/6859858-6860052	validation
0838|MKJY01000561.1/36815-36678	0838|MKJY01000561.1/36815-36678	train
3163|FUHW01000019.1/47124-46953	3163|FUHW01000019.1/47124-46953	train
1943|CP014228.1/735235-735063	1943|CP014228.1/735235-735063	train
1628|LMGG01000007.1/835998-836193	1628|LMGG01000007.1/835998-836193	train
1628|LMGG01000007.1/835998-836193	3356|LMRF01000002.1/38548-38356	train
1628|LMGG01000007.1/835998-836193	0093|CM001852.1/961804-961998	train
1628|LMGG01000007.1/835998-836193	1638|LMSU01000001.1/841712-841520	train
1628|LMGG01000007.1/835998-836193	0491|LMSM01000009.1/192679-192871	train
1628|LMGG01000007.1/835998-836193	0608|LT629757.1/3106068-3105922	train
0951|ABVL01000001.1/263120-262974	0951|ABVL01000001.1/263120-262974	train
0233|CP000474.1/4242499-4242644	2649|CP022436.1/4694143-4694287	validation
0233|CP000474.1/4242499-4242644	0233|CP000474.1/4242499-4242644	validation
0233|CP000474.1/4242499-4242644	2975|AP014719.1/2706138-2705993	validation
0233|CP000474.1/4242499-4242644	3664|AVPD02000043.1/14889-15038	validation
0233|CP000474.1/4242499-4242644	2167|MTPV01000046.1/6407-6257	validation
1390|GL635753.1/190023-189878	1390|GL635753.1/190023-189878	train
1390|GL635753.1/190023-189878	0911|LAYY01000006.1/28064-27928	train
1390|GL635753.1/190023-189878	2909|CVRB01000001.1/967523-967381	train
2022|MRCG01000006.1/236655-236808	2022|MRCG01000006.1/236655-236808	train
1753|LYPA01000067.1/22319-22168	1753|LYPA01000067.1/22319-22168	validation
1753|LYPA01000067.1/22319-22168	2590|MRTK01000041.1/60869-60715	validation
1753|LYPA01000067.1/22319-22168	2255|CP011058.1/4853767-4853962	validation
1753|LYPA01000067.1/22319-22168	2361|MXQD01000014.1/65086-65235	validation
1327|FLUV01000359.1/2434-2331	1327|FLUV01000359.1/2434-2331	validation
1327|FLUV01000359.1/2434-2331	0164|FLUV01000363.1/2520-2417	validation
0595|FOVH01000001.1/611360-611226	0595|FOVH01000001.1/611360-611226	train
0595|FOVH01000001.1/611360-611226	3385|FOVH01000015.1/106203-106062	train
2325|LFJO01000005.1/967348-967200	2325|LFJO01000005.1/967348-967200	train
1949|LT629765.1/1521540-1521681	1949|LT629765.1/1521540-1521681	validation
0877|BCMU01000008.1/194810-194942	0877|BCMU01000008.1/194810-194942	train
1505|CP011388.1/2793661-2793854	3450|LT629764.1/345253-345059	train
1505|CP011388.1/2793661-2793854	1505|CP011388.1/2793661-2793854	train
1505|CP011388.1/2793661-2793854	3768|LZRT01000134.1/38438-38244	train
1505|CP011388.1/2793661-2793854	3800|MAQW01000029.1/116947-116761	train
1505|CP011388.1/2793661-2793854	2445|CP003355.1/3902845-3902625	train
1505|CP011388.1/2793661-2793854	3488|CP011058.1/4853459-4853643	train
3339|CP011541.1/1766772-1766586	3339|CP011541.1/1766772-1766586	validation
2632|MQTZ01000054.1/27669-27538	2632|MQTZ01000054.1/27669-27538	validation
1716|JMIR01000012.1/56519-56361	1716|JMIR01000012.1/56519-56361	train
0180|HF570956.1/2065505-2065689	2759|CP002801.1/4135282-4135454	train
0180|HF570956.1/2065505-2065689	0180|HF570956.1/2065505-2065689	train
0180|HF570956.1/2065505-2065689	2587|HG764815.1/2887918-2888077	train
0180|HF570956.1/2065505-2065689	1398|HF570958.1/4371723-4371915	train
0180|HF570956.1/2065505-2065689	2524|FLUV01002459.1/858-650	train
1434|FUXM01000005.1/90147-90278	1434|FUXM01000005.1/90147-90278	train
0471|MSLS01000010.1/48475-48619	0471|MSLS01000010.1/48475-48619	train
0485|CP006259.1/7145080-7145237	0485|CP006259.1/7145080-7145237	train
3614|LT629749.1/297842-298002	3614|LT629749.1/297842-298002	train
0593|CP000232.1/1741459-1741649	0593|CP000232.1/1741459-1741649	validation
0024|HF563609.2/393184-393351	3036|BCMU01000007.1/443901-443734	train
0024|HF563609.2/393184-393351	0024|HF563609.2/393184-393351	train
0024|HF563609.2/393184-393351	3624|JJNX02000161.1/2463-2288	train
3108|CP017717.1/5869575-5869712	3108|CP017717.1/5869575-5869712	validation
0380|CBXI010000006.1/48320-48187	3873|AE015927.1/2711017-2711139	train
0380|CBXI010000006.1/48320-48187	0380|CBXI010000006.1/48320-48187	train
0380|CBXI010000006.1/48320-48187	2128|AM412317.1/3672551-3672677	train
0380|CBXI010000006.1/48320-48187	2388|FUYD01000005.1/76343-76221	train
0380|CBXI010000006.1/48320-48187	3798|MRAE01000005.1/35702-35575	train
0380|CBXI010000006.1/48320-48187	1438|ACVI01000098.1/12084-11955	train
0380|CBXI010000006.1/48320-48187	3868|CP000728.1/3775383-3775509	train
0380|CBXI010000006.1/48320-48187	3780|KE993505.1/21905-22032	train
0380|CBXI010000006.1/48320-48187	3869|CP000673.1/279064-278931	train
0380|CBXI010000006.1/48320-48187	1862|CP000673.1/279064-278931	train
0380|CBXI010000006.1/48320-48187	3060|LKET01000016.1/34005-33885	train
0380|CBXI010000006.1/48320-48187	1782|AE015927.1/2711016-2711139	train
0380|CBXI010000006.1/48320-48187	1717|LWAE01000001.1/224359-224231	train
0380|CBXI010000006.1/48320-48187	1295|CP006763.1/2035541-2035668	train
0018|CP010976.1/2458588-2458407	0018|CP010976.1/2458588-2458407	train
0018|CP010976.1/2458588-2458407	0393|CP008876.1/2394255-2394399	train
0884|LSSX01000039.1/3153-3013	0884|LSSX01000039.1/3153-3013	train
3599|FQXR01000006.1/159947-159801	3599|FQXR01000006.1/159947-159801	train
1912|MVHE01000106.1/8154-7935	1912|MVHE01000106.1/8154-7935	train
1912|MVHE01000106.1/8154-7935	3114|LZSG01000034.1/44606-44818	train
1912|MVHE01000106.1/8154-7935	0642|LDPR01000002.1/267262-267042	train
1912|MVHE01000106.1/8154-7935	1524|NCXP01000024.1/68644-68856	train
1912|MVHE01000106.1/8154-7935	1806|LWCI01000132.1/138816-138595	train
1912|MVHE01000106.1/8154-7935	2004|LZLE01000325.1/38145-37942	train
1912|MVHE01000106.1/8154-7935	3278|LKTM01000350.1/139605-139417	train
1912|MVHE01000106.1/8154-7935	3340|JANY01000006.1/56365-56586	train
1912|MVHE01000106.1/8154-7935	2601|LZKL01000095.1/116463-116250	train
1912|MVHE01000106.1/8154-7935	1028|JAOL01000070.1/19882-20094	train
1912|MVHE01000106.1/8154-7935	3491|JXST01000001.1/692-526	train
1912|MVHE01000106.1/8154-7935	1409|LQPF01000009.1/61037-61260	train
1912|MVHE01000106.1/8154-7935	1781|AL123456.3/965767-965545	train
1912|MVHE01000106.1/8154-7935	1841|LZLQ01000024.1/63548-63757	train
1912|MVHE01000106.1/8154-7935	1034|LZKK01000340.1/393-174	train
1912|MVHE01000106.1/8154-7935	1877|CCBB010000001.1/2065472-2065650	train
1912|MVHE01000106.1/8154-7935	3887|AE000516.2/965771-965549	train
1912|MVHE01000106.1/8154-7935	3197|CP000854.1/5717643-5717856	train
1775|CP015756.1/4536441-4536564	1775|CP015756.1/4536441-4536564	validation
1232|CP002175.1/1553981-1553851	2523|FTNC01000007.1/14947-15071	train
1232|CP002175.1/1553981-1553851	1232|CP002175.1/1553981-1553851	train
1232|CP002175.1/1553981-1553851	1517|CP002304.1/1188984-1189109	train
1232|CP002175.1/1553981-1553851	2551|CAUI01000005.1/390995-391119	train
0493|CP002780.1/245151-245010	0493|CP002780.1/245151-245010	train
3650|MNJO01000095.1/6033-6194	3650|MNJO01000095.1/6033-6194	validation
0646|CP001706.1/2602461-2602632	0646|CP001706.1/2602461-2602632	train
3360|CP003653.1/470813-470680	3360|CP003653.1/470813-470680	train
3360|CP003653.1/470813-470680	2072|BA000022.2/3422574-3422723	train
2521|LAVA02000182.1/129-1	2521|LAVA02000182.1/129-1	validation
2656|MRTP01000021.1/12786-13012	2656|MRTP01000021.1/12786-13012	train
2656|MRTP01000021.1/12786-13012	1539|AWUK01000045.1/15547-15800	train
2476|MKJY01000017.1/21599-21755	2476|MKJY01000017.1/21599-21755	validation
2476|MKJY01000017.1/21599-21755	3545|MKJY01000561.1/17073-16923	validation
2476|MKJY01000017.1/21599-21755	1848|CP001814.1/2928680-2928838	validation
2476|MKJY01000017.1/21599-21755	2339|KI866522.1/2155116-2154952	validation
2476|MKJY01000017.1/21599-21755	0125|KI866523.1/1402808-1402649	validation
2476|MKJY01000017.1/21599-21755	2352|FTNI01000010.1/63761-63604	validation
2476|MKJY01000017.1/21599-21755	0439|FTNI01000001.1/242164-242318	validation
2476|MKJY01000017.1/21599-21755	0659|FOVH01000016.1/57213-57071	validation
2476|MKJY01000017.1/21599-21755	3656|MKJY01000569.1/32922-32720	validation
1832|MGNI01000012.1/8890-8739	1832|MGNI01000012.1/8890-8739	validation
1296|CP002343.1/825714-825879	0395|AWSA01000014.1/81565-81378	train
1296|CP002343.1/825714-825879	1296|CP002343.1/825714-825879	train
1296|CP002343.1/825714-825879	0154|MAST01000045.1/107791-107969	train
1296|CP002343.1/825714-825879	0777|JYOE01000002.1/84324-84155	train
3015|MRTP01000008.1/259229-259055	3015|MRTP01000008.1/259229-259055	validation
1310|MSZX01000007.1/67781-67940	1310|MSZX01000007.1/67781-67940	train
2374|CP001814.1/8515569-8515420	2374|CP001814.1/8515569-8515420	train
2374|CP001814.1/8515569-8515420	0441|CP017717.1/12113474-12113608	train
2374|CP001814.1/8515569-8515420	2712|FZOD01000003.1/205250-205102	train
2372|CP011005.1/2692386-2692557	2372|CP011005.1/2692386-2692557	validation
2252|FZNO01000002.1/279268-279429	2252|FZNO01000002.1/279268-279429	validation
2252|FZNO01000002.1/279268-279429	1745|FZOO01000008.1/64772-64621	validation
2252|FZNO01000002.1/279268-279429	2609|FQVX01000002.1/1052245-1052377	validation
2252|FZNO01000002.1/279268-279429	3079|CP001867.1/1873842-1874006	validation
2252|FZNO01000002.1/279268-279429	3409|FZOH01000004.1/192400-192552	validation
2252|FZNO01000002.1/279268-279429	3592|CP001867.1/3865073-3865225	validation
3748|LQQV01000059.1/31183-31329	3748|LQQV01000059.1/31183-31329	validation
3748|LQQV01000059.1/31183-31329	1022|AP008955.1/384104-384250	validation
3525|CP007790.1/1755285-1755113	3525|CP007790.1/1755285-1755113	validation
3525|CP007790.1/1755285-1755113	3326|CP011545.1/1877939-1877750	validation
3525|CP007790.1/1755285-1755113	2048|FXAR01000001.1/384207-384368	validation
3525|CP007790.1/1755285-1755113	3118|CP003697.1/2094955-2094749	validation
3525|CP007790.1/1755285-1755113	1395|CP005286.1/1816676-1816507	validation
0426|LAZH01000002.1/1177-1033	1556|JAQV02000018.1/77753-77903	train
0426|LAZH01000002.1/1177-1033	2456|AAJM01000456.1/1227-1373	train
0426|LAZH01000002.1/1177-1033	3830|AAXV01000026.1/33590-33441	train
0426|LAZH01000002.1/1177-1033	3464|JXIQ01000012.1/55649-55508	train
0426|LAZH01000002.1/1177-1033	1047|LFZV01000001.1/1308413-1308283	train
0426|LAZH01000002.1/1177-1033	0426|LAZH01000002.1/1177-1033	train
0426|LAZH01000002.1/1177-1033	0564|LFXJ01000006.1/17858-18008	train
0426|LAZH01000002.1/1177-1033	2294|MPHG01000181.1/236-90	train
0426|LAZH01000002.1/1177-1033	0091|JOTM01000009.1/3934-4077	train
0426|LAZH01000002.1/1177-1033	1074|LAYY01000004.1/156939-157077	train
0426|LAZH01000002.1/1177-1033	0903|LQWY01000020.1/2154-2010	train
0426|LAZH01000002.1/1177-1033	3358|AE016877.1/1762532-1762678	train
0426|LAZH01000002.1/1177-1033	2914|LKIE01000104.1/12055-12205	train
0426|LAZH01000002.1/1177-1033	0783|AE017334.2/1768224-1768370	train
0426|LAZH01000002.1/1177-1033	0843|ALAN01000074.1/4111-3968	train
0426|LAZH01000002.1/1177-1033	3889|CP000001.1/1793577-1793723	train
0426|LAZH01000002.1/1177-1033	1291|LIUR01000001.1/2026104-2025959	train
0426|LAZH01000002.1/1177-1033	1670|CM000735.1/1630773-1630920	train
0426|LAZH01000002.1/1177-1033	3666|CP012600.1/3882651-3882799	train
0426|LAZH01000002.1/1177-1033	0508|CP008855.1/3373092-3372947	train
0426|LAZH01000002.1/1177-1033	1359|CM000733.1/1482621-1482476	train
0168|CP000249.1/5213920-5214154	2251|CT573213.2/7087632-7087807	train
0168|CP000249.1/5213920-5214154	3463|FLUV01002606.1/1418-1625	train
0168|CP000249.1/5213920-5214154	0120|CT573213.2/7254814-7255017	train
0168|CP000249.1/5213920-5214154	0168|CP000249.1/5213920-5214154	train
0168|CP000249.1/5213920-5214154	1460|CP002299.1/273334-273023	train
0168|CP000249.1/5213920-5214154	0023|CP000249.1/5067434-5067609	train
0168|CP000249.1/5213920-5214154	1386|CP002801.1/2690285-2690107	train
0168|CP000249.1/5213920-5214154	1560|FLUV01001506.1/934-758	train
0168|CP000249.1/5213920-5214154	2673|FLUV01002605.1/639-845	train
2151|MRTP01000003.1/136908-136744	2151|MRTP01000003.1/136908-136744	train
2151|MRTP01000003.1/136908-136744	2789|JRNV01000067.1/806-966	train
0863|KN039946.1/633354-633487	0863|KN039946.1/633354-633487	train
0823|FUYD01000001.1/268534-268656	0823|FUYD01000001.1/268534-268656	train
0414|JNVM01000019.1/114265-114419	0414|JNVM01000019.1/114265-114419	train
0414|JNVM01000019.1/114265-114419	0509|CP003235.1/8098040-8098219	train
0414|JNVM01000019.1/114265-114419	1200|CP013652.1/5045136-5044985	train
0414|JNVM01000019.1/114265-114419	0266|FPIU01000020.1/5773-5613	train
0095|MSDU01000022.1/127180-127319	2842|LQWY01000034.1/14696-14835	train
0095|MSDU01000022.1/127180-127319	0095|MSDU01000022.1/127180-127319	train
0095|MSDU01000022.1/127180-127319	2829|JXLP01000005.1/47341-47481	train
0095|MSDU01000022.1/127180-127319	2383|LFZU01000001.1/2031292-2031432	train
0095|MSDU01000022.1/127180-127319	2028|LFZU01000001.1/2929942-2930081	train
1299|MGNZ01000028.1/9544-9408	1299|MGNZ01000028.1/9544-9408	train
0960|CP013653.1/3570732-3570586	2467|FQUY01000009.1/80492-80349	train
0960|CP013653.1/3570732-3570586	0960|CP013653.1/3570732-3570586	train
0960|CP013653.1/3570732-3570586	1882|CP001656.1/6192041-6191903	train
0960|CP013653.1/3570732-3570586	3437|JMIR01000006.1/144347-144516	train
0307|MEYG01000110.1/14819-14671	0307|MEYG01000110.1/14819-14671	train
0307|MEYG01000110.1/14819-14671	1935|MELJ01000013.1/6236-6088	train
0307|MEYG01000110.1/14819-14671	2934|LGGA01000017.1/15950-15802	train
0307|MEYG01000110.1/14819-14671	1769|MEYH01000035.1/4606-4754	train
0066|LVCF01000030.1/80787-80589	0066|LVCF01000030.1/80787-80589	train
0066|LVCF01000030.1/80787-80589	1212|LAIR01000002.1/3015614-3015427	train
2952|LMDH01000001.1/3069073-3069247	2952|LMDH01000001.1/3069073-3069247	validation
2952|LMDH01000001.1/3069073-3069247	2485|LMFJ01000001.1/1014266-1014417	validation
2952|LMDH01000001.1/3069073-3069247	1177|LMNK01000004.1/170865-171025	validation
2276|APBN01000007.1/68966-68823	2276|APBN01000007.1/68966-68823	train
2276|APBN01000007.1/68966-68823	0012|JXAL01000021.1/70453-70313	train
2276|APBN01000007.1/68966-68823	0392|FRAR01000007.1/142645-142506	train
2276|APBN01000007.1/68966-68823	1229|MSZX01000012.1/191556-191421	train
2276|APBN01000007.1/68966-68823	3528|FXAZ01000002.1/135780-135641	train
2946|MGOB01000053.1/14019-14149	2946|MGOB01000053.1/14019-14149	train
2708|CP007453.1/74450-74313	2708|CP007453.1/74450-74313	train
1826|FZNR01000002.1/613487-613358	1826|FZNR01000002.1/613487-613358	train
1532|MHBG01000056.1/31956-31822	1532|MHBG01000056.1/31956-31822	train
1532|MHBG01000056.1/31956-31822	0318|MFYZ01000042.1/4591-4455	train
1532|MHBG01000056.1/31956-31822	2298|MNIS01000006.1/3031-2890	train
1496|APJS01000026.1/63687-63562	1496|APJS01000026.1/63687-63562	train
1496|APJS01000026.1/63687-63562	0256|LZFO01000007.1/21309-21426	train
1496|APJS01000026.1/63687-63562	3727|JMFY01000007.1/40096-39974	train
0504|AGUD01000116.1/3708-3548	0504|AGUD01000116.1/3708-3548	train
2573|CP011058.1/824829-824695	0987|JQCR01000002.1/1917255-1917399	train
2573|CP011058.1/824829-824695	2573|CP011058.1/824829-824695	train
2573|CP011058.1/824829-824695	1777|KK082142.1/14211-14343	train
2573|CP011058.1/824829-824695	2750|BAUO01000002.1/262051-262183	train
2573|CP011058.1/824829-824695	0892|MRTD01000014.1/153400-153531	train
2573|CP011058.1/824829-824695	0277|MRTP01000001.1/2270962-2270831	train
2573|CP011058.1/824829-824695	3250|CP001793.1/4501659-4501526	train
1721|JRNG01000052.1/986-765	1721|JRNG01000052.1/986-765	train
1721|JRNG01000052.1/986-765	1620|CM000961.1/2289765-2289964	train
0293|AWSA01000002.1/26580-26380	0293|AWSA01000002.1/26580-26380	train
2898|KK073875.1/2316631-2316461	2898|KK073875.1/2316631-2316461	train
2567|AFDH01000082.1/45024-44836	2567|AFDH01000082.1/45024-44836	validation
0739|CP017717.1/3986767-3986612	0739|CP017717.1/3986767-3986612	train
1198|HG764815.1/384699-384557	1198|HG764815.1/384699-384557	train
1198|HG764815.1/384699-384557	2299|HF571038.1/1554499-1554668	train
2621|FQXJ01000003.1/329124-329266	2621|FQXJ01000003.1/329124-329266	validation
1126|CP002736.1/1660910-1660769	1126|CP002736.1/1660910-1660769	train
0606|JSUH01000008.1/40635-40824	0780|LDNX01000030.1/8277-8088	validation
0606|JSUH01000008.1/40635-40824	0606|JSUH01000008.1/40635-40824	validation
0606|JSUH01000008.1/40635-40824	0707|JSUH01000050.1/884-692	validation
0606|JSUH01000008.1/40635-40824	3804|LMSB01000001.1/409113-408913	validation
0606|JSUH01000008.1/40635-40824	0398|JROM01000001.1/4397-4206	validation
0606|JSUH01000008.1/40635-40824	3248|CP013254.1/3413143-3413333	validation
0606|JSUH01000008.1/40635-40824	1220|CP013254.1/1470964-1471156	validation
2164|FO117623.1/2882208-2882064	2164|FO117623.1/2882208-2882064	train
2164|FO117623.1/2882208-2882064	2465|FQVX01000002.1/689945-689782	train
2164|FO117623.1/2882208-2882064	3107|CP001778.1/1512039-1511887	train
2164|FO117623.1/2882208-2882064	1648|FO117623.1/2747614-2747465	train
1394|CP001983.1/3007765-3007623	1394|CP001983.1/3007765-3007623	train
1785|CP000232.1/1390416-1390605	1785|CP000232.1/1390416-1390605	train
1724|LGFL01000042.1/9290-9095	1724|LGFL01000042.1/9290-9095	train
1172|BA000030.4/8541474-8541695	3232|FR845719.1/8053823-8053640	train
1172|BA000030.4/8541474-8541695	2951|LGEE01000234.1/46050-45867	train
1172|BA000030.4/8541474-8541695	1172|BA000030.4/8541474-8541695	train
1172|BA000030.4/8541474-8541695	2403|JRTT01000128.1/210025-209851	train
1172|BA000030.4/8541474-8541695	1454|LISW01000008.1/279418-279602	train
1172|BA000030.4/8541474-8541695	1098|AJSZ01000131.1/340-156	train
1172|BA000030.4/8541474-8541695	2243|BBNO01000005.1/500822-501033	train
1172|BA000030.4/8541474-8541695	1317|CP010407.1/8642878-8642694	train
1172|BA000030.4/8541474-8541695	1457|CP010519.1/7808879-7809072	train
0792|JRNV01000025.1/60174-60328	0792|JRNV01000025.1/60174-60328	train
0268|GG657592.1/3234452-3234282	3309|NFLE01000008.1/102799-102638	train
0268|GG657592.1/3234452-3234282	3242|FP929060.1/2165404-2165568	train
0268|GG657592.1/3234452-3234282	0268|GG657592.1/3234452-3234282	train
0268|GG657592.1/3234452-3234282	3552|FP929037.1/3146132-3145968	train
0268|GG657592.1/3234452-3234282	2935|FR894483.1/11612-11480	train
3877|AE017180.1/2728254-2728393	0691|AE017180.2/2728249-2728388	train
3877|AE017180.1/2728254-2728393	3877|AE017180.1/2728254-2728393	train
2725|CP011005.1/3462474-3462672	0970|CP000910.1/417443-417625	train
2725|CP011005.1/3462474-3462672	2906|LMLR01000001.1/94487-94670	train
2725|CP011005.1/3462474-3462672	2725|CP011005.1/3462474-3462672	train
2725|CP011005.1/3462474-3462672	0841|LMSB01000013.1/75574-75767	train
2725|CP011005.1/3462474-3462672	0497|LMSG01000019.1/70828-70990	train
2725|CP011005.1/3462474-3462672	2676|LMSH01000003.1/206433-206240	train
2725|CP011005.1/3462474-3462672	1430|CP013745.1/238004-238202	train
2725|CP011005.1/3462474-3462672	1572|CP022436.1/1132176-1132357	train
2725|CP011005.1/3462474-3462672	3288|CP000454.1/861421-861614	train
2725|CP011005.1/3462474-3462672	2736|AOFD01000029.1/28210-28404	train
2725|CP011005.1/3462474-3462672	2371|CP007595.1/3880441-3880638	train
2725|CP011005.1/3462474-3462672	0042|BAEG01000083.1/193903-193710	train
2725|CP011005.1/3462474-3462672	3208|CP012479.1/152274-152468	train
2725|CP011005.1/3462474-3462672	0765|LFQH01000058.1/56725-56913	train
2725|CP011005.1/3462474-3462672	2876|CP001341.1/1003262-1003459	train
2725|CP011005.1/3462474-3462672	2037|FUZD01000023.1/39648-39465	train
2725|CP011005.1/3462474-3462672	1688|BBUE01000573.1/1476-1283	train
2725|CP011005.1/3462474-3462672	2013|CAQI01000049.1/76062-75900	train
2725|CP011005.1/3462474-3462672	0537|FVZL01000009.1/91166-90982	train
2725|CP011005.1/3462474-3462672	3444|FNKH01000002.1/3747288-3747463	train
2725|CP011005.1/3462474-3462672	0354|FNKH01000001.1/64705-64910	train
2725|CP011005.1/3462474-3462672	3129|CP000475.1/172398-172193	train
2725|CP011005.1/3462474-3462672	3689|CP012677.1/380849-381027	train
2605|LT629764.1/3744581-3744759	2605|LT629764.1/3744581-3744759	train
2605|LT629764.1/3744581-3744759	2770|JZEJ01000001.1/2284490-2284323	train
1289|CP014167.1/4060959-4061097	1289|CP014167.1/4060959-4061097	train
1289|CP014167.1/4060959-4061097	2043|MDER01000069.1/13147-13286	train
0539|JRKI01000026.1/219928-220129	0760|CP017157.1/4788322-4788487	train
0539|JRKI01000026.1/219928-220129	3728|FZOF01000007.1/236802-236646	train
0539|JRKI01000026.1/219928-220129	0539|JRKI01000026.1/219928-220129	train
0539|JRKI01000026.1/219928-220129	0138|FMCH01000192.1/4407-4588	train
0539|JRKI01000026.1/219928-220129	3382|BBNO01000007.1/415917-415719	train
0539|JRKI01000026.1/219928-220129	3410|FODD01000023.1/152796-152966	train
0539|JRKI01000026.1/219928-220129	3472|JH725387.1/19684-19886	train
0539|JRKI01000026.1/219928-220129	3747|LFXA01000002.1/923580-923382	train
0539|JRKI01000026.1/219928-220129	0835|BBUY01000019.1/108841-109016	train
0539|JRKI01000026.1/219928-220129	2216|FYEY01000001.1/7560684-7560485	train
0539|JRKI01000026.1/219928-220129	1485|FRBI01000028.1/51254-51086	train
0539|JRKI01000026.1/219928-220129	1931|LGKG01000162.1/57252-57051	train
0539|JRKI01000026.1/219928-220129	2854|CP021744.1/6765776-6765954	train
0539|JRKI01000026.1/219928-220129	3509|LGUU01000150.1/54646-54448	train
3526|LILC01000013.1/128664-128449	3526|LILC01000013.1/128664-128449	train
2407|LAXD01000001.1/3514942-3515075	2407|LAXD01000001.1/3514942-3515075	train
2407|LAXD01000001.1/3514942-3515075	0455|LAXD01000001.1/1936217-1936353	train
1938|GG695975.1/144939-145101	1938|GG695975.1/144939-145101	train
1938|GG695975.1/144939-145101	1518|KN125580.1/1603945-1604114	train
1840|LMDV01000008.1/1232423-1232567	1840|LMDV01000008.1/1232423-1232567	train
1840|LMDV01000008.1/1232423-1232567	3414|LT629732.1/5134526-5134675	train
1719|LLZU01000018.1/124514-124348	3563|JNSE01000021.1/47055-46875	train
1719|LLZU01000018.1/124514-124348	1719|LLZU01000018.1/124514-124348	train
1719|LLZU01000018.1/124514-124348	1682|JPRF03000021.1/510060-510228	train
1719|LLZU01000018.1/124514-124348	1109|JYJF01000112.1/13860-13690	train
1999|LMQA01000004.1/4219-4067	1999|LMQA01000004.1/4219-4067	train
1955|AP009552.1/5450700-5450536	1955|AP009552.1/5450700-5450536	train
1112|LFBV01000001.1/127185-127303	1112|LFBV01000001.1/127185-127303	validation
3827|AAFX01048773.1/685-551	3827|AAFX01048773.1/685-551	validation
2742|LVCF01000034.1/35186-34989	2742|LVCF01000034.1/35186-34989	train
2655|CP002801.1/699223-699058	2655|CP002801.1/699223-699058	validation
2655|CP002801.1/699223-699058	0557|FLUV01000363.1/1188-1024	validation
2655|CP002801.1/699223-699058	2221|FLUV01000359.1/1098-934	validation
2655|CP002801.1/699223-699058	2972|CP002299.1/271597-271426	validation
2613|MHHG01000071.1/17409-17570	2613|MHHG01000071.1/17409-17570	train
3661|JHEG02000048.1/901320-901198	3661|JHEG02000048.1/901320-901198	train
3661|JHEG02000048.1/901320-901198	1512|KQ976354.1/5643855-5643694	train
2994|CP000002.3/525352-525495	2994|CP000002.3/525352-525495	train
2994|CP000002.3/525352-525495	3825|AE017333.1/525158-525301	train
2994|CP000002.3/525352-525495	1407|LSBA01000034.1/4805-4658	train
2994|CP000002.3/525352-525495	3755|LECW02000001.1/374356-374503	train
2014|CP002329.1/858580-858404	2014|CP002329.1/858580-858404	train
2014|CP002329.1/858580-858404	2678|LFOE01000001.1/197126-196941	train
1254|CP001737.1/3567574-3567385	1254|CP001737.1/3567574-3567385	validation
3447|CP003659.1/5276910-5276778	2501|JH930372.1/10108-10242	train
3447|CP003659.1/5276910-5276778	3447|CP003659.1/5276910-5276778	train
3161|JXAK01000108.1/5145-5005	3161|JXAK01000108.1/5145-5005	train
2369|CDRZ01000231.1/5933-5760	2369|CDRZ01000231.1/5933-5760	train
2369|CDRZ01000231.1/5933-5760	0128|CDRZ01000132.1/313-134	train
2369|CDRZ01000231.1/5933-5760	0875|CP003732.1/2256917-2257119	train
2359|CP002736.1/575301-575141	2359|CP002736.1/575301-575141	train
2359|CP002736.1/575301-575141	0446|CAOS01000008.1/134217-134376	train
3141|JXAL01000008.1/8129-8299	3141|JXAL01000008.1/8129-8299	train
3141|JXAL01000008.1/8129-8299	0220|CP001656.1/378322-378509	train
3141|JXAL01000008.1/8129-8299	1730|CP011058.1/852545-852702	train
2478|FQXD01000010.1/53385-53544	2478|FQXD01000010.1/53385-53544	train
0515|CP006259.1/1551618-1551747	0515|CP006259.1/1551618-1551747	train
3847|AAWL01000006.1/97044-96924	3847|AAWL01000006.1/97044-96924	train
3847|AAWL01000006.1/97044-96924	1132|AAWL01000006.1/97044-96921	train
1162|LN879430.1/101393-101264	1162|LN879430.1/101393-101264	train
3781|LJCO01000019.1/20971-20815	3781|LJCO01000019.1/20971-20815	train
1644|BAUO01000019.1/82792-82938	1644|BAUO01000019.1/82792-82938	train
3143|AJSZ01000861.1/762-590	3143|AJSZ01000861.1/762-590	train
3143|AJSZ01000861.1/762-590	2756|CM000913.1/707920-708075	train
3143|AJSZ01000861.1/762-590	1494|JNAD01000008.1/131946-132115	train
2131|CM000951.1/5520192-5519990	3560|CP017316.1/336270-336076	train
2131|CM000951.1/5520192-5519990	3365|LIVO01000007.1/97264-97078	train
2131|CM000951.1/5520192-5519990	3379|FMDF01000134.1/3129-3314	train
2131|CM000951.1/5520192-5519990	2535|LZQS01000011.1/257236-257046	train
2131|CM000951.1/5520192-5519990	0236|LMIZ01000084.1/42548-42328	train
2131|CM000951.1/5520192-5519990	2011|KQ949025.1/754480-754675	train
2131|CM000951.1/5520192-5519990	2874|AP009493.1/560045-559858	train
2131|CM000951.1/5520192-5519990	2131|CM000951.1/5520192-5519990	train
2131|CM000951.1/5520192-5519990	2606|LWLE01000012.1/347701-347887	train
2131|CM000951.1/5520192-5519990	3343|JTIY01000001.1/5877853-5878043	train
2131|CM000951.1/5520192-5519990	1188|LNSV01000035.1/21522-21710	train
2131|CM000951.1/5520192-5519990	2820|KK106988.1/140558-140347	train
2131|CM000951.1/5520192-5519990	0008|AWOQ01001275.1/356-169	train
2131|CM000951.1/5520192-5519990	0339|CP002475.1/1673084-1672899	train
2131|CM000951.1/5520192-5519990	0305|CP002047.1/2899648-2899829	train
2131|CM000951.1/5520192-5519990	3348|CM000950.1/1850860-1850671	train
2131|CM000951.1/5520192-5519990	3378|LNSV01000031.1/36946-36788	train
2131|CM000951.1/5520192-5519990	3764|LT670819.1/4112134-4112335	train
2131|CM000951.1/5520192-5519990	0503|LJCX01000019.1/166161-165934	train
2131|CM000951.1/5520192-5519990	1307|CP000820.1/8014880-8014704	train
2131|CM000951.1/5520192-5519990	3550|KQ948783.1/154266-154464	train
2131|CM000951.1/5520192-5519990	1696|MWFK01000001.1/2737785-2737625	train
2131|CM000951.1/5520192-5519990	2337|FMDL01001492.1/9578-9391	train
2131|CM000951.1/5520192-5519990	1106|LJCW01000331.1/310-103	train
2131|CM000951.1/5520192-5519990	1761|MKXB01000235.1/18781-18580	train
2131|CM000951.1/5520192-5519990	3075|FMCO01000383.1/1797-1984	train
2131|CM000951.1/5520192-5519990	1110|FMDK01000751.1/4335-4143	train
2131|CM000951.1/5520192-5519990	3181|ASHX02000001.1/6089638-6089833	train
2131|CM000951.1/5520192-5519990	0450|FLSP01000003.1/160319-160109	train
2513|MOMC01000035.1/61596-61821	2513|MOMC01000035.1/61596-61821	validation
0085|FWXI01000014.1/94908-95057	1793|LSLJ01000001.1/2081238-2081380	train
0085|FWXI01000014.1/94908-95057	0085|FWXI01000014.1/94908-95057	train
0085|FWXI01000014.1/94908-95057	0140|CTRP01000014.1/438833-438976	train
0085|FWXI01000014.1/94908-95057	0097|FQVH01000006.1/63912-63779	train
2863|FMDO01000056.1/8640-8515	2863|FMDO01000056.1/8640-8515	train
2863|FMDO01000056.1/8640-8515	2929|LWBR01000005.1/1745-1888	train
2863|FMDO01000056.1/8640-8515	0447|CP000853.1/56237-56104	train
2863|FMDO01000056.1/8640-8515	0830|FMDO01000056.1/6810-6684	train
2863|FMDO01000056.1/8640-8515	3898|CP000853.1/56237-56106	train
0490|FPIU01000026.1/20173-20337	0490|FPIU01000026.1/20173-20337	train
0178|LMLV01000012.1/356458-356255	0178|LMLV01000012.1/356458-356255	train
0178|LMLV01000012.1/356458-356255	2061|MSZX01000017.1/35572-35754	train
0178|LMLV01000012.1/356458-356255	2880|MXQD01000002.1/145955-146123	train
0178|LMLV01000012.1/356458-356255	2646|MDER01000046.1/20520-20723	train
3653|LPVJ01000019.1/7031-7175	0628|LPVJ01000055.1/11504-11648	train
3653|LPVJ01000019.1/7031-7175	3653|LPVJ01000019.1/7031-7175	train
3323|MHBJ01000163.1/34825-34670	3323|MHBJ01000163.1/34825-34670	train
3381|CP001814.1/3605660-3605521	3381|CP001814.1/3605660-3605521	train
3381|CP001814.1/3605660-3605521	0312|FZOD01000051.1/63810-63672	train
3381|CP001814.1/3605660-3605521	3616|CP017717.1/3987832-3987686	train
3381|CP001814.1/3605660-3605521	2540|FZOD01000055.1/57625-57770	train
3381|CP001814.1/3605660-3605521	1823|BDCX01000001.1/175915-176050	train
0998|MBRF01000025.1/57467-57594	0998|MBRF01000025.1/57467-57594	train
3175|CP002629.1/1579506-1579365	3175|CP002629.1/1579506-1579365	train
0088|LXGJ01000063.1/54935-54810	0088|LXGJ01000063.1/54935-54810	train
2821|CM001633.1/4144731-4144924	2821|CM001633.1/4144731-4144924	train
2628|LADV01000048.1/20242-20105	2628|LADV01000048.1/20242-20105	validation
2628|LADV01000048.1/20242-20105	0604|FQXJ01000012.1/42745-42882	validation
2628|LADV01000048.1/20242-20105	0662|FPBV01000001.1/260971-261104	validation
2628|LADV01000048.1/20242-20105	3468|LOEZ01000071.1/40234-40100	validation
1124|JXAL01000001.1/310174-310036	3125|CP013652.1/4879614-4879741	train
1124|JXAL01000001.1/310174-310036	1124|JXAL01000001.1/310174-310036	train
1426|LMSE01000005.1/8951-8756	1426|LMSE01000005.1/8951-8756	validation
1426|LMSE01000005.1/8951-8756	1474|HF571038.1/2897584-2897397	validation
1122|FXAZ01000004.1/513878-514014	1122|FXAZ01000004.1/513878-514014	validation
0994|AWQS01000143.1/4097-4262	0994|AWQS01000143.1/4097-4262	validation
0994|AWQS01000143.1/4097-4262	1202|BAGZ01000008.1/207693-207877	validation
0994|AWQS01000143.1/4097-4262	0869|FRCS01000018.1/81269-81096	validation
0344|MKRX01000026.1/235318-235184	0344|MKRX01000026.1/235318-235184	train
0546|CP002299.1/3549540-3549740	0771|MOMC01000008.1/281383-281188	validation
0546|CP002299.1/3549540-3549740	0546|CP002299.1/3549540-3549740	validation
0546|CP002299.1/3549540-3549740	0805|MBLN01000049.1/110861-110666	validation
0546|CP002299.1/3549540-3549740	3648|MBLO01000244.1/51956-52152	validation
3863|CP000679.1/237778-237930	3863|CP000679.1/237778-237930	validation
3863|CP000679.1/237778-237930	2234|CP002216.1/2076056-2075907	validation
3863|CP000679.1/237778-237930	3737|CP000679.1/237778-237930	validation
3632|JQIE01000229.1/7380-7524	3632|JQIE01000229.1/7380-7524	train
3632|JQIE01000229.1/7380-7524	3510|MGQN01000009.1/14206-14344	train
0010|CP011005.1/3461110-3461293	0010|CP011005.1/3461110-3461293	validation
0010|CP011005.1/3461110-3461293	3641|CP000910.1/416089-416279	validation
3842|CP000764.1/711905-712051	1208|JOTM01000008.1/13398-13543	train
3842|CP000764.1/711905-712051	0629|CM000733.1/647678-647533	train
3842|CP000764.1/711905-712051	3842|CP000764.1/711905-712051	train
3842|CP000764.1/711905-712051	1325|CP000764.1/711905-712051	train
3221|LDJB01000003.1/214407-214276	3221|LDJB01000003.1/214407-214276	train
2940|CP002736.1/616060-616194	1899|CP002780.1/896512-896646	validation
2940|CP002736.1/616060-616194	2940|CP002736.1/616060-616194	validation
2940|CP002736.1/616060-616194	2329|CP019698.1/2849396-2849266	validation
2940|CP002736.1/616060-616194	0791|CAOS01000008.1/126540-126411	validation
2940|CP002736.1/616060-616194	3429|FRAR01000013.1/47653-47783	validation
2940|CP002736.1/616060-616194	3739|FQUY01000002.1/31225-31354	validation
1230|FWXI01000003.1/30277-30152	1230|FWXI01000003.1/30277-30152	train
1230|FWXI01000003.1/30277-30152	0073|CP008852.1/3974347-3974219	train
0906|LRTK01000035.1/66202-66007	0906|LRTK01000035.1/66202-66007	train
0500|CP008852.1/2792405-2792260	0500|CP008852.1/2792405-2792260	validation
0500|CP008852.1/2792405-2792260	3731|AKVJ01000031.1/236973-237120	validation
3548|JZKH01000053.1/40288-40087	0809|LJCV01000070.1/9060-9221	train
3548|JZKH01000053.1/40288-40087	1382|LIPD01000009.1/650448-650278	train
3548|JZKH01000053.1/40288-40087	1203|JPRF03000013.1/16395-16557	train
3548|JZKH01000053.1/40288-40087	3548|JZKH01000053.1/40288-40087	train
3548|JZKH01000053.1/40288-40087	3201|FOAZ01000004.1/352648-352812	train
3548|JZKH01000053.1/40288-40087	2711|CP013743.1/2019210-2019045	train
3548|JZKH01000053.1/40288-40087	1397|KQ948772.1/246597-246439	train
2145|KE993463.1/30162-30282	2145|KE993463.1/30162-30282	train
2141|LGDV01000251.1/151653-151517	2141|LGDV01000251.1/151653-151517	validation
1402|JZDQ02000014.1/59014-58842	1402|JZDQ02000014.1/59014-58842	validation
2552|LGEZ01000013.1/26875-26746	2552|LGEZ01000013.1/26875-26746	validation
1447|MNJN01000013.1/1430-1634	1892|CP001700.1/9933843-9933644	validation
1447|MNJN01000013.1/1430-1634	1447|MNJN01000013.1/1430-1634	validation
2495|CP001867.1/3705509-3705343	1320|FZOO01000004.1/57006-57169	validation
2495|CP001867.1/3705509-3705343	2495|CP001867.1/3705509-3705343	validation
2495|CP001867.1/3705509-3705343	3655|LMQA01000001.1/338049-337880	validation
0639|CP011058.1/1603006-1603159	0639|CP011058.1/1603006-1603159	train
0639|CP011058.1/1603006-1603159	1400|LT629764.1/3162839-3162655	train
3651|CP001287.1/2901189-2901345	2790|LIUQ01000016.1/16407-16275	train
3651|CP001287.1/2901189-2901345	3651|CP001287.1/2901189-2901345	train
3651|CP001287.1/2901189-2901345	3627|CP000806.1/62679-62522	train
2956|LCYH01000015.1/29788-29952	2956|LCYH01000015.1/29788-29952	train
2956|LCYH01000015.1/29788-29952	1306|FQ311875.1/624361-624531	train
1290|LGPD01000030.1/84637-84788	3073|LGPB01000085.1/22229-22078	train
1290|LGPD01000030.1/84637-84788	1290|LGPD01000030.1/84637-84788	train
3441|CP006996.1/1247178-1247014	3441|CP006996.1/1247178-1247014	validation
0671|LDXQ01000034.1/3875-3740	0671|LDXQ01000034.1/3875-3740	train
3862|AP006840.1/606473-606333	3862|AP006840.1/606473-606333	train
3862|AP006840.1/606473-606333	0769|AP006840.1/606473-606333	train
3862|AP006840.1/606473-606333	2110|LWLV01002842.1/464-324	train
1693|CP020563.1/5098430-5098262	2002|AWOQ01001324.1/3288-3454	validation
1693|CP020563.1/5098430-5098262	1693|CP020563.1/5098430-5098262	validation
1693|CP020563.1/5098430-5098262	2931|FMDF01000216.1/22904-22738	validation
1693|CP020563.1/5098430-5098262	1167|LGKH01001768.1/904-753	validation
1693|CP020563.1/5098430-5098262	3376|CM002273.1/4456671-4456518	validation
1693|CP020563.1/5098430-5098262	3188|FMCO01000036.1/7963-8129	validation
1693|CP020563.1/5098430-5098262	2560|AP009493.1/3235829-3235995	validation
1693|CP020563.1/5098430-5098262	3316|LLZK01000266.1/21036-21192	validation
1693|CP020563.1/5098430-5098262	0631|LZQS01000001.1/705129-704962	validation
1693|CP020563.1/5098430-5098262	0609|CM000950.1/3226592-3226754	validation
1693|CP020563.1/5098430-5098262	1194|LGDF01000157.1/25678-25513	validation
2910|CP014209.1/3359349-3359537	0612|LNTD01000272.1/4922-5146	train
2910|CP014209.1/3359349-3359537	2910|CP014209.1/3359349-3359537	train
2910|CP014209.1/3359349-3359537	0834|LQZG01000001.1/345447-345637	train
2910|CP014209.1/3359349-3359537	3426|LMSS01000003.1/458548-458764	train
2910|CP014209.1/3359349-3359537	3513|MKTI01000013.1/517798-517602	train
2910|CP014209.1/3359349-3359537	2846|MKTH01000012.1/32466-32660	train
2910|CP014209.1/3359349-3359537	2451|MKTH01000019.1/38374-38188	train
2910|CP014209.1/3359349-3359537	1936|LMSC01000001.1/153597-153384	train
2910|CP014209.1/3359349-3359537	1619|AXCX01000055.1/8427-8240	train
2910|CP014209.1/3359349-3359537	1687|LMJG01000017.1/69543-69737	train
2910|CP014209.1/3359349-3359537	0928|CP014209.1/3358141-3358315	train
2910|CP014209.1/3359349-3359537	3657|CP002810.1/2822633-2822467	train
2910|CP014209.1/3359349-3359537	2475|FUZQ01000001.1/648450-648264	train
2910|CP014209.1/3359349-3359537	0687|CP001964.1/842943-843170	train
1085|BAUO01000051.1/9619-9840	2244|LAZU01000043.1/19100-18888	train
1085|BAUO01000051.1/9619-9840	1652|CP009279.1/42107-42336	train
1085|BAUO01000051.1/9619-9840	1420|CP014167.1/4151203-4150982	train
1085|BAUO01000051.1/9619-9840	1874|LSFN01000043.1/20991-20779	train
1085|BAUO01000051.1/9619-9840	2210|LT840184.1/6284487-6284276	train
1085|BAUO01000051.1/9619-9840	1085|BAUO01000051.1/9619-9840	train
1085|BAUO01000051.1/9619-9840	3435|LN831776.1/29786-30013	train
1085|BAUO01000051.1/9619-9840	0208|MAQW01000007.1/49786-49558	train
1085|BAUO01000051.1/9619-9840	2212|JUEI01000063.1/13128-13357	train
1085|BAUO01000051.1/9619-9840	1790|JQCR01000002.1/1990101-1989868	train
1085|BAUO01000051.1/9619-9840	2180|CP010976.1/4905958-4906170	train
1085|BAUO01000051.1/9619-9840	2129|CP009241.1/30080-30307	train
1085|BAUO01000051.1/9619-9840	2565|CP009286.1/33428-33660	train
1085|BAUO01000051.1/9619-9840	2654|CP004078.1/29895-30130	train
1085|BAUO01000051.1/9619-9840	0267|CP001793.1/29836-30050	train
1085|BAUO01000051.1/9619-9840	0434|CP002213.2/29957-30236	train
1085|BAUO01000051.1/9619-9840	1262|CP009284.1/29836-30064	train
1085|BAUO01000051.1/9619-9840	0649|CP009282.1/29943-30172	train
1085|BAUO01000051.1/9619-9840	2483|LVJI01000028.1/14258-14472	train
1085|BAUO01000051.1/9619-9840	0543|KN125580.1/117128-116918	train
0481|CP001737.1/2571070-2571270	0481|CP001737.1/2571070-2571270	validation
0481|CP001737.1/2571070-2571270	2668|LT629710.1/322779-322586	validation
3271|MSZX01000010.1/84444-84273	3271|MSZX01000010.1/84444-84273	train
3082|CP015136.1/1865172-1865335	3082|CP015136.1/1865172-1865335	train
2289|CP011388.1/4360285-4360144	2289|CP011388.1/4360285-4360144	train
1920|CP021434.1/2788740-2788876	1920|CP021434.1/2788740-2788876	train
1920|CP021434.1/2788740-2788876	0596|CP022657.1/3529739-3529606	train
2290|CP001854.1/4866271-4866085	2290|CP001854.1/4866271-4866085	validation
3320|LT629765.1/525772-525946	3320|LT629765.1/525772-525946	train
1768|CP002198.1/1288800-1288971	2333|CP001291.1/707433-707604	validation
1768|CP002198.1/1288800-1288971	1768|CP002198.1/1288800-1288971	validation
0002|CP002048.1/1495791-1495598	2132|CGIH01000027.1/155549-155423	validation
0002|CP002048.1/1495791-1495598	0002|CP002048.1/1495791-1495598	validation
3684|CP003629.1/3263473-3263326	3684|CP003629.1/3263473-3263326	train
3684|CP003629.1/3263473-3263326	1151|CM001441.1/4031311-4031162	train
3684|CP003629.1/3263473-3263326	2293|CP002105.1/423434-423585	train
3684|CP003629.1/3263473-3263326	0555|FQXJ01000013.1/5106-4959	train
3684|CP003629.1/3263473-3263326	0222|CP002105.1/1461214-1461046	train
1738|MDZE01000018.1/419860-419985	3283|CP002901.1/1148675-1148801	validation
1738|MDZE01000018.1/419860-419985	1738|MDZE01000018.1/419860-419985	validation
1694|BBIW01000003.1/289304-289167	1694|BBIW01000003.1/289304-289167	validation
0810|MKSH01000014.1/5387-5532	0810|MKSH01000014.1/5387-5532	train
2667|LSTH01000119.1/562-699	2667|LSTH01000119.1/562-699	train
0745|BBIW01000006.1/120090-119933	0745|BBIW01000006.1/120090-119933	train
3200|FMCH01000494.1/22129-21986	3200|FMCH01000494.1/22129-21986	train
1811|MRDE01000053.1/61584-61738	1811|MRDE01000053.1/61584-61738	validation
1811|MRDE01000053.1/61584-61738	0119|MIEU01000016.1/586657-586505	validation
0476|FQXJ01000012.1/112129-111992	0063|JQID01000177.1/45024-44888	train
0476|FQXJ01000012.1/112129-111992	3711|CP003639.1/1771431-1771297	train
0476|FQXJ01000012.1/112129-111992	0476|FQXJ01000012.1/112129-111992	train
0476|FQXJ01000012.1/112129-111992	1144|CP003870.1/812689-812823	train
0476|FQXJ01000012.1/112129-111992	2330|AGAF01000151.1/8029-7892	train
0476|FQXJ01000012.1/112129-111992	2595|CP003629.1/677652-677519	train
0476|FQXJ01000012.1/112129-111992	2702|AGAF01000073.1/2365-2500	train
0476|FQXJ01000012.1/112129-111992	2112|CP003108.1/590626-590488	train
0476|FQXJ01000012.1/112129-111992	3456|CP003639.1/2984343-2984483	train
0476|FQXJ01000012.1/112129-111992	2108|CM001441.1/523439-523306	train
0476|FQXJ01000012.1/112129-111992	0571|LOEW01000166.1/76714-76847	train
0476|FQXJ01000012.1/112129-111992	0983|LADV01000130.1/9777-9641	train
0476|FQXJ01000012.1/112129-111992	1170|JYNH01000064.1/5733-5871	train
0294|LT629764.1/344939-344744	0294|LT629764.1/344939-344744	validation
3690|FO117623.1/2019842-2020021	3690|FO117623.1/2019842-2020021	train
1867|BBIW01000001.1/9239-9376	0528|GG695996.1/18175-18039	validation
1867|BBIW01000001.1/9239-9376	1332|CP010976.1/4977745-4977609	validation
1867|BBIW01000001.1/9239-9376	1867|BBIW01000001.1/9239-9376	validation
0922|CP013290.1/3210752-3210940	1978|CP013290.1/3209645-3209827	train
0922|CP013290.1/3210752-3210940	0922|CP013290.1/3210752-3210940	train
0922|CP013290.1/3210752-3210940	0007|ALWX01000090.1/5751-5564	train
0807|CP003359.1/2478598-2478460	0807|CP003359.1/2478598-2478460	train
3646|LMET01000001.1/2814807-2814636	1060|LT796768.1/2876677-2876825	train
3646|LMET01000001.1/2814807-2814636	3646|LMET01000001.1/2814807-2814636	train
2332|MQVR01000008.1/22948-23097	2332|MQVR01000008.1/22948-23097	validation
1396|CP022437.1/4096709-4096857	1396|CP022437.1/4096709-4096857	train
1396|CP022437.1/4096709-4096857	3777|CP022315.1/579091-578945	train
0451|CP001736.1/663684-663493	0451|CP001736.1/663684-663493	validation
3573|AFDH01000117.1/29487-29337	3573|AFDH01000117.1/29487-29337	train
3459|AXCW01000007.1/2875-3033	0891|CP011112.1/1702327-1702522	train
3459|AXCW01000007.1/2875-3033	3338|LAIR01000002.1/2940354-2940156	train
3459|AXCW01000007.1/2875-3033	3459|AXCW01000007.1/2875-3033	train
3459|AXCW01000007.1/2875-3033	1287|FRBI01000007.1/223233-223446	train
3459|AXCW01000007.1/2875-3033	1401|CP002810.1/2823845-2823653	train
3459|AXCW01000007.1/2875-3033	2804|AXCY01000056.1/9260-9454	train
0553|FTNT01000012.1/164037-163845	2502|AYTE01000001.1/28644-28465	train
0553|FTNT01000012.1/164037-163845	0553|FTNT01000012.1/164037-163845	train
0553|FTNT01000012.1/164037-163845	2218|APHK02000065.1/79030-78856	train
0553|FTNT01000012.1/164037-163845	1889|MJEJ02000044.1/171263-171082	train
2845|CP007032.1/810587-810462	2845|CP007032.1/810587-810462	train
1529|CP012070.1/176483-176335	0942|JYOE01000007.1/364394-364208	validation
1529|CP012070.1/176483-176335	1529|CP012070.1/176483-176335	validation
2985|CP006763.1/2729346-2729211	2985|CP006763.1/2729346-2729211	train
1260|CP013743.1/6020953-6021170	2761|DS999641.1/4644248-4644416	train
1260|CP013743.1/6020953-6021170	3814|AL939115.1/44787-44621	train
1260|CP013743.1/6020953-6021170	0574|MPHV01000818.1/3654-3446	train
1260|CP013743.1/6020953-6021170	0704|JXOM01000152.1/5730-5542	train
1260|CP013743.1/6020953-6021170	1153|AWOQ01000723.1/594-772	train
1260|CP013743.1/6020953-6021170	1857|KI547041.1/70055-69898	train
1260|CP013743.1/6020953-6021170	3561|FR845719.1/3159099-3158926	train
1260|CP013743.1/6020953-6021170	0966|AP009493.1/5189215-5189397	train
1260|CP013743.1/6020953-6021170	3028|KQ948933.1/108702-108503	train
1260|CP013743.1/6020953-6021170	3345|LGKG01000124.1/10970-11140	train
1260|CP013743.1/6020953-6021170	0064|BBUY01000008.1/104617-104409	train
1260|CP013743.1/6020953-6021170	1471|LOCL01000026.1/107877-107694	train
1260|CP013743.1/6020953-6021170	3035|BDDR01000022.1/96228-96046	train
1260|CP013743.1/6020953-6021170	1813|LT670819.1/5836988-5837158	train
1260|CP013743.1/6020953-6021170	0146|JZWV01000318.1/7479-7647	train
1260|CP013743.1/6020953-6021170	0711|KE150429.1/108021-107852	train
1260|CP013743.1/6020953-6021170	1997|FN554889.1/6048653-6048852	train
1260|CP013743.1/6020953-6021170	2436|MWJO01000049.1/47270-47103	train
1260|CP013743.1/6020953-6021170	0814|LJCX01000031.1/526154-526340	train
1260|CP013743.1/6020953-6021170	3034|JWZS01001992.1/4166-4334	train
1260|CP013743.1/6020953-6021170	0513|LFBV01000001.1/1138121-1138312	train
1260|CP013743.1/6020953-6021170	2027|CM002285.1/5824420-5824594	train
1260|CP013743.1/6020953-6021170	0121|LGDZ01000163.1/101069-100893	train
1260|CP013743.1/6020953-6021170	1331|KQ948776.1/97532-97363	train
1260|CP013743.1/6020953-6021170	3486|LT629758.1/7004834-7004667	train
1260|CP013743.1/6020953-6021170	0518|CP013743.1/4682240-4682418	train
1260|CP013743.1/6020953-6021170	1585|CP016795.1/3107180-3107014	train
1260|CP013743.1/6020953-6021170	1641|LLZH01000211.1/43279-43459	train
1260|CP013743.1/6020953-6021170	0487|HE971709.1/5770276-5770443	train
1260|CP013743.1/6020953-6021170	3834|BA000030.3/4374746-4374567	train
1260|CP013743.1/6020953-6021170	2968|CP009438.1/3239781-3239603	train
1260|CP013743.1/6020953-6021170	2147|FMDK01000241.1/14233-14405	train
1260|CP013743.1/6020953-6021170	3784|GG657750.1/3200009-3199837	train
1260|CP013743.1/6020953-6021170	1260|CP013743.1/6020953-6021170	train
1260|CP013743.1/6020953-6021170	0165|HE971709.1/4265831-4266010	train
1260|CP013743.1/6020953-6021170	0871|CP003170.1/671107-670905	train
1260|CP013743.1/6020953-6021170	0283|KQ947990.1/514920-515112	train
1260|CP013743.1/6020953-6021170	1197|LLZH01000281.1/144573-144368	train
1260|CP013743.1/6020953-6021170	0331|LWLE01000034.1/375382-375562	train
1260|CP013743.1/6020953-6021170	1509|BA000030.4/4374746-4374567	train
1260|CP013743.1/6020953-6021170	3635|AEJC01000046.1/13465-13266	train
1260|CP013743.1/6020953-6021170	0964|CM000913.1/2623844-2623634	train
1260|CP013743.1/6020953-6021170	2384|CP022433.1/4656834-4657013	train
1260|CP013743.1/6020953-6021170	1603|GG753626.1/2255563-2255398	train
1260|CP013743.1/6020953-6021170	1464|LLZI01000158.1/72507-72336	train
1260|CP013743.1/6020953-6021170	3027|GG657757.1/3612282-3612116	train
1260|CP013743.1/6020953-6021170	1854|LIWA01000001.1/885782-885954	train
1260|CP013743.1/6020953-6021170	2597|NCTE01000656.1/5397-5565	train
1260|CP013743.1/6020953-6021170	3205|LBDA02000080.1/145975-146144	train
1260|CP013743.1/6020953-6021170	0445|FWZW01000010.1/230053-230221	train
1260|CP013743.1/6020953-6021170	1736|JYJH01000011.1/128674-128839	train
1260|CP013743.1/6020953-6021170	2146|LGDG01000216.1/83761-83593	train
1260|CP013743.1/6020953-6021170	3190|CM002273.1/2589279-2589091	train
1260|CP013743.1/6020953-6021170	0388|MPOH02000011.1/734861-734679	train
1260|CP013743.1/6020953-6021170	1419|LJCV01000283.1/35501-35679	train
1260|CP013743.1/6020953-6021170	2405|CP012382.1/3344981-3344815	train
1260|CP013743.1/6020953-6021170	0417|KQ948209.1/558320-558493	train
1260|CP013743.1/6020953-6021170	0226|LIXJ01000027.1/147023-147194	train
1260|CP013743.1/6020953-6021170	1183|KQ948025.1/160405-160574	train
1260|CP013743.1/6020953-6021170	3474|CM002280.1/5511054-5511228	train
1260|CP013743.1/6020953-6021170	2346|LGCN01000204.1/60364-60196	train
1260|CP013743.1/6020953-6021170	2744|CP011497.1/5034504-5034676	train
1260|CP013743.1/6020953-6021170	3317|AP012319.1/535943-536115	train
1260|CP013743.1/6020953-6021170	1451|CP010519.1/3267717-3267500	train
1260|CP013743.1/6020953-6021170	2962|FMDF01000179.1/63140-63311	train
1260|CP013743.1/6020953-6021170	2514|LJCU01000286.1/4047-4255	train
1260|CP013743.1/6020953-6021170	1221|AOPZ01000538.1/9990-10181	train
1260|CP013743.1/6020953-6021170	0616|CP003275.1/5262121-5261949	train
1260|CP013743.1/6020953-6021170	1140|CP009313.1/3132213-3132046	train
1260|CP013743.1/6020953-6021170	0013|KE354476.1/9682-9848	train
1260|CP013743.1/6020953-6021170	3072|MKXB01000112.1/7548-7726	train
1260|CP013743.1/6020953-6021170	3778|LAVA02000119.1/68586-68762	train
1260|CP013743.1/6020953-6021170	2453|LGDU01000264.1/8140-8307	train
1260|CP013743.1/6020953-6021170	1333|LT629758.1/1388386-1388560	train
1260|CP013743.1/6020953-6021170	3584|KQ257818.1/126351-126509	train
1260|CP013743.1/6020953-6021170	1364|LIVZ01000006.1/93416-93238	train
1260|CP013743.1/6020953-6021170	3137|LLZG01000334.1/35235-35404	train
1260|CP013743.1/6020953-6021170	0502|LWAB01000011.1/2617172-2617004	train
1260|CP013743.1/6020953-6021170	3670|CP016438.1/5936320-5936140	train
1260|CP013743.1/6020953-6021170	0406|LMEI01000010.1/349907-350078	train
1260|CP013743.1/6020953-6021170	0530|LGDW01000074.1/8717-8888	train
1260|CP013743.1/6020953-6021170	0499|LGDV01000260.1/1011-837	train
1260|CP013743.1/6020953-6021170	3753|CP011492.1/2773468-2773276	train
1260|CP013743.1/6020953-6021170	2274|CP021121.1/3874385-3874605	train
1260|CP013743.1/6020953-6021170	2669|LGEE01000266.1/26541-26758	train
1260|CP013743.1/6020953-6021170	0501|FMCI01000341.1/2730-2898	train
1260|CP013743.1/6020953-6021170	0511|AL645882.2/3392987-3392821	train
1260|CP013743.1/6020953-6021170	2813|LFNT01000026.1/66827-67026	train
1260|CP013743.1/6020953-6021170	2651|LZQS01000006.1/350048-350229	train
1260|CP013743.1/6020953-6021170	0089|CP007574.1/4037823-4037654	train
1260|CP013743.1/6020953-6021170	0486|KQ949027.1/100244-100075	train
1260|CP013743.1/6020953-6021170	3109|MTKC01000003.1/1587014-1586844	train
1260|CP013743.1/6020953-6021170	1440|AJSZ01000587.1/864-1043	train
1260|CP013743.1/6020953-6021170	2728|LMWH01000243.1/248606-248771	train
1260|CP013743.1/6020953-6021170	0351|MLYP01000065.1/39314-39148	train
1260|CP013743.1/6020953-6021170	1025|CP013142.1/4417733-4417901	train
1260|CP013743.1/6020953-6021170	3591|GG657758.1/4737311-4737480	train
1260|CP013743.1/6020953-6021170	2954|FOAZ01000001.1/276460-276625	train
1260|CP013743.1/6020953-6021170	1342|LIVO01000017.1/122325-122496	train
1260|CP013743.1/6020953-6021170	2341|LOHS01000070.1/151297-151494	train
1260|CP013743.1/6020953-6021170	2980|FLSP01000029.1/77558-77378	train
1260|CP013743.1/6020953-6021170	1654|CP016438.1/4188909-4188741	train
1260|CP013743.1/6020953-6021170	2107|MWFK01000001.1/1369122-1368931	train
1260|CP013743.1/6020953-6021170	1216|LISW01000007.1/101757-101590	train
1260|CP013743.1/6020953-6021170	0754|LWRP01000079.1/11006-11180	train
1260|CP013743.1/6020953-6021170	2785|JFCB01000037.1/23710-23878	train
1260|CP013743.1/6020953-6021170	0716|FWZW01000003.1/437102-437332	train
1260|CP013743.1/6020953-6021170	0411|FPJO01000023.1/18925-19096	train
1260|CP013743.1/6020953-6021170	0144|JRKI01000005.1/87329-87115	train
1260|CP013743.1/6020953-6021170	2442|KK106993.1/100284-100119	train
1260|CP013743.1/6020953-6021170	1111|CM000951.1/3942543-3942331	train
1260|CP013743.1/6020953-6021170	1646|CP021748.1/3808431-3808248	train
1260|CP013743.1/6020953-6021170	0157|AOHP01000142.1/24691-24859	train
1260|CP013743.1/6020953-6021170	1158|CP006259.1/3723010-3722842	train
1260|CP013743.1/6020953-6021170	0898|LMIZ01000016.1/94232-94049	train
1260|CP013743.1/6020953-6021170	3151|CP011492.1/2827568-2827357	train
1260|CP013743.1/6020953-6021170	1149|AEJB01000619.1/24238-24409	train
1260|CP013743.1/6020953-6021170	2763|JXTE01000008.1/100719-100552	train
1260|CP013743.1/6020953-6021170	1590|FKJI03000001.1/584300-584469	train
1260|CP013743.1/6020953-6021170	0735|CP010849.1/3300177-3300011	train
1260|CP013743.1/6020953-6021170	3302|AGBF01000032.1/47472-47281	train
1260|CP013743.1/6020953-6021170	2932|KQ948553.1/180347-180156	train
1260|CP013743.1/6020953-6021170	2420|CP003987.1/5772186-5772355	train
1260|CP013743.1/6020953-6021170	1825|LLZK01000177.1/30239-30388	train
1260|CP013743.1/6020953-6021170	2260|CP010407.1/3425579-3425406	train
1260|CP013743.1/6020953-6021170	3782|KQ949088.1/115725-115922	train
1260|CP013743.1/6020953-6021170	3088|AEYX01000045.1/111579-111390	train
1260|CP013743.1/6020953-6021170	1605|LIWB01000015.1/129432-129600	train
1260|CP013743.1/6020953-6021170	3176|LLZN01000038.1/95898-95706	train
1260|CP013743.1/6020953-6021170	1801|MLYO01000011.1/185979-186153	train
1260|CP013743.1/6020953-6021170	0124|LMIZ01000016.1/157959-157734	train
1260|CP013743.1/6020953-6021170	1431|ANSJ01000239.1/8504-8713	train
1260|CP013743.1/6020953-6021170	3097|LMTQ02000020.1/50216-50385	train
1260|CP013743.1/6020953-6021170	1863|KQ948853.1/495519-495691	train
1260|CP013743.1/6020953-6021170	0803|NGFN01000344.1/4257-4435	train
0316|AGUD01000212.1/20161-20313	0316|AGUD01000212.1/20161-20313	train
0181|LJGW01000016.1/2087-1893	0181|LJGW01000016.1/2087-1893	validation
0181|LJGW01000016.1/2087-1893	3233|LJGT01000040.1/608370-608156	validation
0181|LJGW01000016.1/2087-1893	1615|LJGU01000114.1/370638-370815	validation
0592|LMLV01000006.1/98217-98010	0695|JZEJ01000001.1/3748861-3749084	train
0592|LMLV01000006.1/98217-98010	0592|LMLV01000006.1/98217-98010	train
0592|LMLV01000006.1/98217-98010	1214|KK082140.1/28261-28063	train
0592|LMLV01000006.1/98217-98010	3173|MRTK01000037.1/11315-11495	train
0592|LMLV01000006.1/98217-98010	3578|LMRV01000043.1/11495-11676	train
0592|LMLV01000006.1/98217-98010	1344|CP001656.1/27565-27774	train
0592|LMLV01000006.1/98217-98010	2627|MRTD01000026.1/11363-11544	train
3308|APJS01000004.1/34628-34755	3308|APJS01000004.1/34628-34755	train
3308|APJS01000004.1/34628-34755	3223|MRAE01000021.1/20320-20195	train
3308|APJS01000004.1/34628-34755	3826|CP000726.1/1414382-1414259	train
3308|APJS01000004.1/34628-34755	3916|CP001083.1/1451441-1451318	train
3308|APJS01000004.1/34628-34755	0939|JMFY01000018.1/174548-174424	train
3308|APJS01000004.1/34628-34755	3649|CP000382.1/667370-667242	train
3308|APJS01000004.1/34628-34755	3837|CP000382.1/667370-667242	train
3308|APJS01000004.1/34628-34755	2350|AM412317.1/1445762-1445639	train
3308|APJS01000004.1/34628-34755	1123|ACSJ01000007.1/1051448-1051576	train
1266|CYSP01000009.1/102433-102578	1266|CYSP01000009.1/102433-102578	train
1266|CYSP01000009.1/102433-102578	3255|AAWL01000023.1/24489-24636	train
1101|AHOO02000005.1/858376-858249	1101|AHOO02000005.1/858376-858249	train
1101|AHOO02000005.1/858376-858249	2805|AKWX02000020.1/97564-97695	train
1050|KI629785.1/1303710-1303576	1520|KI629785.1/1358459-1358326	validation
1050|KI629785.1/1303710-1303576	1050|KI629785.1/1303710-1303576	validation
3355|AKVJ01000029.1/231353-231212	3189|CP008852.1/1856116-1856259	train
3355|AKVJ01000029.1/231353-231212	3355|AKVJ01000029.1/231353-231212	train
1850|CP003344.1/139948-140073	1850|CP003344.1/139948-140073	train
0153|JOTN01000009.1/12997-13130	0153|JOTN01000009.1/12997-13130	train
2735|MKST01000005.1/138337-138194	2735|MKST01000005.1/138337-138194	train
2235|BDDR01000010.1/80419-80633	3055|CP013743.1/8395510-8395299	train
2235|BDDR01000010.1/80419-80633	1478|CP017316.1/6472552-6472731	train
2235|BDDR01000010.1/80419-80633	1569|KQ949099.1/102625-102412	train
2235|BDDR01000010.1/80419-80633	1550|LGCN01000196.1/49704-49502	train
2235|BDDR01000010.1/80419-80633	0090|LFNT01000051.1/9810-10020	train
2235|BDDR01000010.1/80419-80633	3478|FLSP01000009.1/76920-77128	train
2235|BDDR01000010.1/80419-80633	0621|KQ949033.1/198335-198537	train
2235|BDDR01000010.1/80419-80633	3293|LAVA02000034.1/80457-80668	train
2235|BDDR01000010.1/80419-80633	3202|LIWB01000009.1/119008-118806	train
2235|BDDR01000010.1/80419-80633	0469|CP011497.1/7298522-7298303	train
2235|BDDR01000010.1/80419-80633	2171|LZQS01000015.1/41148-40961	train
2235|BDDR01000010.1/80419-80633	0150|KQ948935.1/87615-87825	train
2235|BDDR01000010.1/80419-80633	2034|LFBV01000011.1/116711-116883	train
2235|BDDR01000010.1/80419-80633	3493|FMDL01001144.1/906-744	train
2235|BDDR01000010.1/80419-80633	3411|KE150427.1/1474245-1474456	train
2235|BDDR01000010.1/80419-80633	1136|KQ948050.1/50358-50581	train
2235|BDDR01000010.1/80419-80633	3159|KK106994.1/25218-25005	train
2235|BDDR01000010.1/80419-80633	3342|CP010519.1/7639765-7639565	train
2235|BDDR01000010.1/80419-80633	0139|FMDK01001139.1/2290-2493	train
2235|BDDR01000010.1/80419-80633	3723|JFCB01000014.1/56963-57165	train
2235|BDDR01000010.1/80419-80633	3770|CP013142.1/1385702-1385911	train
2235|BDDR01000010.1/80419-80633	0295|JXTE01000086.1/21596-21807	train
2235|BDDR01000010.1/80419-80633	2235|BDDR01000010.1/80419-80633	train
2235|BDDR01000010.1/80419-80633	0943|KE354078.1/14864-15076	train
2235|BDDR01000010.1/80419-80633	2202|LYOY01000001.1/657584-657768	train
2235|BDDR01000010.1/80419-80633	2747|LWLE01000001.1/1275687-1275501	train
2235|BDDR01000010.1/80419-80633	3183|MWJO01000034.1/10800-10589	train
2235|BDDR01000010.1/80419-80633	0597|LGDU01000059.1/216053-216254	train
2235|BDDR01000010.1/80419-80633	3077|LIVO01000007.1/280772-280968	train
2235|BDDR01000010.1/80419-80633	2633|CP016438.1/1730695-1730906	train
2235|BDDR01000010.1/80419-80633	0658|LIWA01000004.1/641785-642016	train
2235|BDDR01000010.1/80419-80633	1531|CP009313.1/1238606-1238801	train
2235|BDDR01000010.1/80419-80633	0297|FMCI01000044.1/28347-28561	train
2235|BDDR01000010.1/80419-80633	0645|LJCU01000030.1/373948-374133	train
2235|BDDR01000010.1/80419-80633	0635|MKXB01000144.1/60844-61024	train
2235|BDDR01000010.1/80419-80633	1851|FMCO01000104.1/1448-1286	train
2235|BDDR01000010.1/80419-80633	2137|CM002280.1/7767667-7767496	train
2235|BDDR01000010.1/80419-80633	0190|LGDD01000024.1/33770-33953	train
2235|BDDR01000010.1/80419-80633	1901|LGEE01000210.1/138690-138485	train
2235|BDDR01000010.1/80419-80633	2510|GG657758.1/6877865-6877663	train
2235|BDDR01000010.1/80419-80633	1195|LGDZ01000254.1/141600-141368	train
2235|BDDR01000010.1/80419-80633	3259|LIVZ01000011.1/143669-143456	train
2235|BDDR01000010.1/80419-80633	2062|LGDF01000001.1/90845-90660	train
2235|BDDR01000010.1/80419-80633	1624|LNSV01000059.1/5697-5535	train
2235|BDDR01000010.1/80419-80633	2936|LJCV01000090.1/9682-9463	train
2235|BDDR01000010.1/80419-80633	1250|LIXJ01000003.1/576104-576300	train
2235|BDDR01000010.1/80419-80633	0118|FWZW01000008.1/122989-122778	train
2235|BDDR01000010.1/80419-80633	3636|LMIZ01000027.1/151289-151078	train
2235|BDDR01000010.1/80419-80633	2859|FN554889.1/8652418-8652217	train
2235|BDDR01000010.1/80419-80633	3667|CP010849.1/1347962-1348176	train
2235|BDDR01000010.1/80419-80633	1285|CP021744.1/6635386-6635187	train
2235|BDDR01000010.1/80419-80633	2123|CP012382.1/1354868-1355090	train
2235|BDDR01000010.1/80419-80633	1592|LMWH01000037.1/125051-124854	train
2235|BDDR01000010.1/80419-80633	2469|CP002993.1/741278-741446	train
2235|BDDR01000010.1/80419-80633	2410|CM000950.1/6874955-6874759	train
2235|BDDR01000010.1/80419-80633	0636|LWAB01000011.1/539658-539871	train
2235|BDDR01000010.1/80419-80633	1339|LT670819.1/8395936-8395757	train
2235|BDDR01000010.1/80419-80633	3289|KQ948549.1/107464-107246	train
2235|BDDR01000010.1/80419-80633	3263|MLYP01000003.1/36195-36000	train
2235|BDDR01000010.1/80419-80633	1951|KQ257815.1/139629-139819	train
2235|BDDR01000010.1/80419-80633	2323|FPJO01000010.1/8819-8654	train
2235|BDDR01000010.1/80419-80633	2449|HE971709.1/8226052-8225848	train
2235|BDDR01000010.1/80419-80633	1322|LNSV01000011.1/96011-95800	train
2235|BDDR01000010.1/80419-80633	3003|MWFK01000002.1/1470244-1470442	train
2235|BDDR01000010.1/80419-80633	1053|GG753626.1/222635-222848	train
2235|BDDR01000010.1/80419-80633	1273|AOHP01000119.1/81164-81373	train
2235|BDDR01000010.1/80419-80633	3477|CM002285.1/8269886-8269748	train
2235|BDDR01000010.1/80419-80633	0135|KQ947993.1/173088-173298	train
2235|BDDR01000010.1/80419-80633	2213|LWRP01000113.1/103763-103629	train
2235|BDDR01000010.1/80419-80633	2515|AWOQ01000017.1/1540-1378	train
2235|BDDR01000010.1/80419-80633	1982|JYJH01000013.1/58270-58058	train
2235|BDDR01000010.1/80419-80633	0211|NCTE01000328.1/1750-1952	train
2235|BDDR01000010.1/80419-80633	1973|LLZG01000198.1/13234-13444	train
2235|BDDR01000010.1/80419-80633	1763|AEYX01000046.1/120426-120221	train
2235|BDDR01000010.1/80419-80633	1902|LLZN01000002.1/361300-361510	train
2235|BDDR01000010.1/80419-80633	0479|CP010407.1/1301590-1301713	train
2235|BDDR01000010.1/80419-80633	2503|LMEI01000006.1/174402-174199	train
2235|BDDR01000010.1/80419-80633	1380|CP002475.1/6425815-6425619	train
2235|BDDR01000010.1/80419-80633	2563|LJCX01000026.1/131006-130795	train
2235|BDDR01000010.1/80419-80633	3419|CM001165.1/6945745-6945570	train
2235|BDDR01000010.1/80419-80633	3796|CM000951.1/1532311-1532523	train
2235|BDDR01000010.1/80419-80633	3051|MTKC01000001.1/466058-465828	train
2235|BDDR01000010.1/80419-80633	1905|AEJC01000083.1/12685-12896	train
2235|BDDR01000010.1/80419-80633	2959|LGDG01000213.1/75791-75571	train
2235|BDDR01000010.1/80419-80633	1756|FR845719.1/965772-965978	train
2235|BDDR01000010.1/80419-80633	1206|KQ948210.1/545945-546166	train
2235|BDDR01000010.1/80419-80633	0212|NGFN01000013.1/14681-14893	train
2235|BDDR01000010.1/80419-80633	1154|CP022433.1/815878-816109	train
2235|BDDR01000010.1/80419-80633	2889|LIYH01000004.1/109041-108837	train
2235|BDDR01000010.1/80419-80633	3637|FMDF01000012.1/41718-41546	train
2235|BDDR01000010.1/80419-80633	1679|CP003275.1/3185861-3186091	train
2235|BDDR01000010.1/80419-80633	1818|FKJI03000012.1/113773-113542	train
2235|BDDR01000010.1/80419-80633	1642|ASHX02000001.1/110077-109897	train
2235|BDDR01000010.1/80419-80633	1681|LMWG01000113.1/41534-41375	train
2235|BDDR01000010.1/80419-80633	3033|GG657757.1/1286320-1286500	train
2235|BDDR01000010.1/80419-80633	1442|DS999641.1/6701518-6701315	train
2235|BDDR01000010.1/80419-80633	3154|CP009438.1/1151711-1151934	train
2235|BDDR01000010.1/80419-80633	1673|JTHL01000001.1/989293-989491	train
2235|BDDR01000010.1/80419-80633	0878|ADGX01000075.1/2500-2738	train
2235|BDDR01000010.1/80419-80633	0465|LISW01000008.1/188947-188751	train
2235|BDDR01000010.1/80419-80633	0203|LMTQ02000002.1/238901-239114	train
2235|BDDR01000010.1/80419-80633	0520|KQ948765.1/682518-682700	train
2235|BDDR01000010.1/80419-80633	0435|BA000030.4/8461828-8461632	train
2235|BDDR01000010.1/80419-80633	1846|LGDW01000348.1/98116-98295	train
0661|KV837571.1/89449-89305	1035|CP001983.1/413620-413759	train
0661|KV837571.1/89449-89305	0945|JNVC02000005.1/114127-114267	train
0661|KV837571.1/89449-89305	0661|KV837571.1/89449-89305	train
3460|KQ948852.1/584887-584948	3460|KQ948852.1/584887-584948	validation
1675|MEKR01000102.1/23123-22992	1741|MEKZ01000360.1/11965-11834	validation
1675|MEKR01000102.1/23123-22992	1675|MEKR01000102.1/23123-22992	validation
1675|MEKR01000102.1/23123-22992	3882|CP000473.1/5838272-5838399	validation
1675|MEKR01000102.1/23123-22992	2368|CP000473.1/5838272-5838399	validation
1675|MEKR01000102.1/23123-22992	1987|MEKQ01000216.1/8480-8613	validation
3793|FPBV01000006.1/140626-140762	3793|FPBV01000006.1/140626-140762	validation
1461|KI866522.1/552980-553117	1461|KI866522.1/552980-553117	validation
1461|KI866522.1/552980-553117	1238|FTNI01000005.1/64762-64906	validation
1461|KI866522.1/552980-553117	0667|CP017717.1/3991781-3991925	validation
1461|KI866522.1/552980-553117	3001|CP017717.1/4819818-4819964	validation
0101|LWPN01000130.1/2029-2175	0101|LWPN01000130.1/2029-2175	train
3222|LTDM01000005.1/48531-48655	3222|LTDM01000005.1/48531-48655	train
2267|LKHP01000004.1/59247-59399	2267|LKHP01000004.1/59247-59399	train
1293|CP011058.1/2301288-2301512	1293|CP011058.1/2301288-2301512	train
1293|CP011058.1/2301288-2301512	1749|JXAL01000025.1/13069-13277	train
1293|CP011058.1/2301288-2301512	1995|BALG01000100.1/12498-12703	train
1293|CP011058.1/2301288-2301512	1166|AHKH01000057.1/11886-12091	train
1293|CP011058.1/2301288-2301512	2101|CP013653.1/330967-330769	train
1233|CP018135.1/2145553-2145750	1233|CP018135.1/2145553-2145750	train
2487|AP008230.1/5140258-5140118	1665|CP003344.1/1173075-1173214	validation
2487|AP008230.1/5140258-5140118	3861|AP008230.1/5140258-5140118	validation
2487|AP008230.1/5140258-5140118	2487|AP008230.1/5140258-5140118	validation
2463|CP005929.1/1520809-1520686	2463|CP005929.1/1520809-1520686	train
2463|CP005929.1/1520809-1520686	1399|MEIA01000544.1/21376-21504	train
2463|CP005929.1/1520809-1520686	2625|CP006272.1/1556929-1556794	train
1483|AE016877.1/738426-738571	1526|AAJM01000133.1/9684-9540	train
1483|AE016877.1/738426-738571	0657|LJIY01000009.1/102012-102160	train
1483|AE016877.1/738426-738571	0103|MAYV01000020.1/53283-53144	train
1483|AE016877.1/738426-738571	2948|JOTM01000008.1/14580-14723	train
1483|AE016877.1/738426-738571	1483|AE016877.1/738426-738571	train
1483|AE016877.1/738426-738571	3822|CP000764.1/713115-713260	train
1483|AE016877.1/738426-738571	3829|AAEK01000002.1/19276-19421	train
1483|AE016877.1/738426-738571	1680|CP001034.1/264346-264507	train
1483|AE016877.1/738426-738571	1076|CM000733.1/646547-646402	train
1483|AE016877.1/738426-738571	1137|LSFN01000045.1/4714-4561	train
1483|AE016877.1/738426-738571	2161|LECW02000026.1/84242-84387	train
1483|AE016877.1/738426-738571	0087|LJIY01000006.1/256938-256794	train
1483|AE016877.1/738426-738571	3540|CP000764.1/713115-713260	train
1483|AE016877.1/738426-738571	2610|MAYV01000020.1/53509-53369	train
1483|AE016877.1/738426-738571	3818|AAES01000021.1/15273-15418	train
1483|AE016877.1/738426-738571	1709|CM000735.1/776280-776135	train
1483|AE016877.1/738426-738571	3904|ACMD01000040.1/12378-12525	train
1483|AE016877.1/738426-738571	2955|AE017334.2/761408-761553	train
1483|AE016877.1/738426-738571	1288|JOTN01000009.1/14204-14345	train
1483|AE016877.1/738426-738571	3217|JRNX01000633.1/829-679	train
1483|AE016877.1/738426-738571	0576|FXAZ01000004.1/334974-335142	train
1483|AE016877.1/738426-738571	0049|JRNX01000592.1/1398-1545	train
1483|AE016877.1/738426-738571	3854|AAJM01000133.1/9684-9540	train
1422|FUYH01000010.1/39641-39761	3676|CAKP01000082.1/2832-2706	train
1422|FUYH01000010.1/39641-39761	3505|MZGV01000044.1/429-557	train
1422|FUYH01000010.1/39641-39761	1422|FUYH01000010.1/39641-39761	train
1422|FUYH01000010.1/39641-39761	2933|LTBB01000001.1/335195-335320	train
0156|FZOO01000002.1/647180-647345	0156|FZOO01000002.1/647180-647345	validation
0156|FZOO01000002.1/647180-647345	1836|LDCM01000004.1/120949-120778	validation
0156|FZOO01000002.1/647180-647345	1312|FZNO01000002.1/82325-82486	validation
0156|FZOO01000002.1/647180-647345	3068|CP001867.1/2029479-2029310	validation
3198|CP003646.1/3568795-3568933	3016|LATL02000350.1/31881-32032	train
3198|CP003646.1/3568795-3568933	3198|CP003646.1/3568795-3568933	train
3198|CP003646.1/3568795-3568933	3147|AP017295.1/4407353-4407114	train
2947|CP006996.1/4366448-4366314	2947|CP006996.1/4366448-4366314	train
0586|MIBJ01000015.1/62072-61938	3315|MIBH01000015.1/14706-14839	validation
0586|MIBJ01000015.1/62072-61938	2833|CP001124.1/643212-643081	validation
0586|MIBJ01000015.1/62072-61938	0586|MIBJ01000015.1/62072-61938	validation
0586|MIBJ01000015.1/62072-61938	3890|CP001124.1/643212-643081	validation
1788|MRCG01000021.1/40335-40494	1788|MRCG01000021.1/40335-40494	validation
1788|MRCG01000021.1/40335-40494	3032|MRCG01000011.1/142861-142706	validation
0728|KE150430.1/675043-674870	0728|KE150430.1/675043-674870	train
0728|KE150430.1/675043-674870	2046|LGUT01000445.1/735-911	train
1330|LOEZ01000019.1/237483-237294	1330|LOEZ01000019.1/237483-237294	train
1038|LSSX01000130.1/11860-11995	1038|LSSX01000130.1/11860-11995	train
0204|AURB01000179.1/29463-29333	0204|AURB01000179.1/29463-29333	validation
2737|MKSH01000163.1/4599-4452	2737|MKSH01000163.1/4599-4452	train
2018|LJCO01000064.1/22978-23113	2018|LJCO01000064.1/22978-23113	validation
2256|MBLM01000163.1/181148-181396	2919|LRTK01000071.1/17139-17388	validation
2256|MBLM01000163.1/181148-181396	2256|MBLM01000163.1/181148-181396	validation
2256|MBLM01000163.1/181148-181396	2194|CP000820.1/263110-262863	validation
1552|JNVC02000015.1/149728-149862	1552|JNVC02000015.1/149728-149862	train
1462|LMSP01000001.1/872021-871871	3090|MBTG01000006.1/124034-124184	train
1462|LMSP01000001.1/872021-871871	1462|LMSP01000001.1/872021-871871	train
1462|LMSP01000001.1/872021-871871	1196|LYPC01000028.1/667255-667104	train
1462|LMSP01000001.1/872021-871871	1099|LMSD01000006.1/146646-146797	train
3171|CM001149.1/326019-326184	1700|LT629710.1/3699983-3700139	train
3171|CM001149.1/326019-326184	1873|CP000431.1/1199546-1199382	train
3171|CM001149.1/326019-326184	0390|LVHI01000001.1/174931-175090	train
3171|CM001149.1/326019-326184	0483|CP001737.1/3564650-3564486	train
3171|CM001149.1/326019-326184	3100|LVCV01000671.1/1205-1041	train
3171|CM001149.1/326019-326184	1708|APMY01000014.1/61349-61154	train
3171|CM001149.1/326019-326184	3786|CP010797.1/682673-682834	train
3171|CM001149.1/326019-326184	3171|CM001149.1/326019-326184	train
3171|CM001149.1/326019-326184	2113|FNDN01000002.1/223032-222866	train
3171|CM001149.1/326019-326184	0991|MKKY01000091.1/203702-203541	train
3171|CM001149.1/326019-326184	0148|CP002786.1/1335473-1335638	train
3171|CM001149.1/326019-326184	3329|JXQS01000028.1/30548-30385	train
3171|CM001149.1/326019-326184	0107|CP019572.1/3343524-3343360	train
3171|CM001149.1/326019-326184	2584|CP015219.1/1281511-1281675	train
1764|MNJO01000093.1/2029-1870	1764|MNJO01000093.1/2029-1870	train
0287|LDXN01000042.1/16775-16913	0287|LDXN01000042.1/16775-16913	train
3300|LAKY01000065.1/40286-40447	3300|LAKY01000065.1/40286-40447	train
2183|GL987988.1/649664-649523	2183|GL987988.1/649664-649523	train
1014|GL635753.1/194869-195019	1225|BASE01000136.1/15920-16068	train
1014|GL635753.1/194869-195019	1014|GL635753.1/194869-195019	train
1014|GL635753.1/194869-195019	1489|CP008855.1/1427817-1427663	train
0122|JXQS01000013.1/14509-14715	1080|CP015219.1/2976227-2976430	train
0122|JXQS01000013.1/14509-14715	0122|JXQS01000013.1/14509-14715	train
3398|CP001854.1/4991560-4991694	3398|CP001854.1/4991560-4991694	train
0389|LGGF01000020.1/29194-29326	0389|LGGF01000020.1/29194-29326	train
0389|LGGF01000020.1/29194-29326	2659|LGFZ01000006.1/26954-26822	train
0199|CP022657.1/363790-363938	0199|CP022657.1/363790-363938	train
0199|CP022657.1/363790-363938	3470|CP021434.1/1159759-1159609	train
3726|LT629688.1/3974698-3974540	3726|LT629688.1/3974698-3974540	train
1944|CP012590.1/2821562-2821413	1944|CP012590.1/2821562-2821413	train
2749|JXZB01000001.1/269517-269685	0524|AP010968.1/463777-463944	train
2749|JXZB01000001.1/269517-269685	2749|JXZB01000001.1/269517-269685	train
2749|JXZB01000001.1/269517-269685	2433|KK853997.1/285949-286115	train
2749|JXZB01000001.1/269517-269685	3453|LMWG01005560.1/239536-239358	train
2749|JXZB01000001.1/269517-269685	2511|JZKH01000069.1/13437-13602	train
1961|FQVH01000063.1/1489-1616	1961|FQVH01000063.1/1489-1616	train
3789|CP014209.1/2220173-2220321	3789|CP014209.1/2220173-2220321	validation
2542|MKKF01000044.1/5240-5406	2542|MKKF01000044.1/5240-5406	train
2281|MHFT01000004.1/3301-3441	2281|MHFT01000004.1/3301-3441	train
1545|LMQA01000002.1/623099-623252	1545|LMQA01000002.1/623099-623252	train
2604|AYZS02050406.1/369-210	2604|AYZS02050406.1/369-210	validation
3165|LXWF01000040.1/121949-121803	3165|LXWF01000040.1/121949-121803	train
1821|FXAZ01000007.1/188860-188690	1821|FXAZ01000007.1/188860-188690	train
0327|MSZX01000017.1/35299-35494	0327|MSZX01000017.1/35299-35494	train
3623|KK853997.1/2310806-2310626	2121|FOAZ01000012.1/212449-212286	train
3623|KK853997.1/2310806-2310626	3087|AP010968.1/2419855-2419702	train
3623|KK853997.1/2310806-2310626	3120|LLZU01000009.1/7583-7373	train
3623|KK853997.1/2310806-2310626	3362|LMHX01000005.1/125311-125147	train
3623|KK853997.1/2310806-2310626	1146|LWLA01000006.1/164130-164294	train
3623|KK853997.1/2310806-2310626	3623|KK853997.1/2310806-2310626	train
3623|KK853997.1/2310806-2310626	2767|FOAZ01000021.1/110491-110675	train
3623|KK853997.1/2310806-2310626	1227|JYJF01000003.1/23636-23798	train
3623|KK853997.1/2310806-2310626	0999|LIPD01000001.1/513021-513174	train
3623|KK853997.1/2310806-2310626	1403|JZWY01000044.1/13744-13562	train
3623|KK853997.1/2310806-2310626	2362|JXZB01000004.1/499552-499397	train
3623|KK853997.1/2310806-2310626	2481|JZKH01000002.1/122800-122647	train
3623|KK853997.1/2310806-2310626	1543|LT629732.1/846593-846405	train
3623|KK853997.1/2310806-2310626	0957|JPRF03000036.1/38687-38840	train
1805|AM420293.1/1860918-1861071	1805|AM420293.1/1860918-1861071	train
0900|LWNU01000045.1/6347-6170	0900|LWNU01000045.1/6347-6170	train
0422|FOAZ01000015.1/80667-80496	0422|FOAZ01000015.1/80667-80496	validation
1895|AZMC01000285.1/342-218	0507|JRMZ01000009.1/63836-63712	train
1895|AZMC01000285.1/342-218	1895|AZMC01000285.1/342-218	train
1883|KN039946.1/2593439-2593295	1883|KN039946.1/2593439-2593295	train
1062|CP003261.1/4531732-4531858	2792|FWXH01000039.1/2334-2456	train
1062|CP003261.1/4531732-4531858	1062|CP003261.1/4531732-4531858	train
1062|CP003261.1/4531732-4531858	2239|CP009268.1/3889552-3889687	train
0264|CP022463.1/598689-598927	0264|CP022463.1/598689-598927	train
3677|LGUE01000005.1/168188-168318	3677|LGUE01000005.1/168188-168318	validation
3677|LGUE01000005.1/168188-168318	2054|AL009126.3/486092-486235	validation
3677|LGUE01000005.1/168188-168318	2133|AVOF01000522.1/1286-1143	validation
3677|LGUE01000005.1/168188-168318	3903|AB001488.1/19151-19294	validation
3677|LGUE01000005.1/168188-168318	2891|KQ758486.1/69380-69581	validation
3677|LGUE01000005.1/168188-168318	3236|CP002207.1/4122818-4122963	validation
3053|CP002360.1/6341-6475	3053|CP002360.1/6341-6475	train
1247|MGOO01000027.1/3774-3644	3506|MGMI01000042.1/3527-3657	train
1247|MGOO01000027.1/3774-3644	1247|MGOO01000027.1/3774-3644	train
0698|BAVS01000010.1/22952-23105	0698|BAVS01000010.1/22952-23105	validation
2570|CP009241.1/579278-579096	2570|CP009241.1/579278-579096	validation
2570|CP009241.1/579278-579096	1527|JUEI01000071.1/26556-26725	validation
2570|CP009241.1/579278-579096	3219|CP009282.1/634692-634523	validation
2570|CP009241.1/579278-579096	2415|LT840184.1/130314-130112	validation
0988|CP000249.1/331658-331492	1223|CT573213.2/706574-706405	train
0988|CP000249.1/331658-331492	0988|CP000249.1/331658-331492	train
0988|CP000249.1/331658-331492	0560|CP002801.1/700646-700491	train
0270|MKST01000011.1/386597-386757	0270|MKST01000011.1/386597-386757	train
2989|JYFD01000203.1/10630-10477	2989|JYFD01000203.1/10630-10477	train
0584|CP003629.1/634972-634842	0027|CP003344.1/1106310-1106183	train
0584|CP003629.1/634972-634842	0584|CP003629.1/634972-634842	train
0584|CP003629.1/634972-634842	1896|CP013652.1/1561851-1562018	train
0584|CP003629.1/634972-634842	1052|FBWL01000164.1/89313-89450	train
0425|LGTC01000001.1/2497556-2497700	0425|LGTC01000001.1/2497556-2497700	train
2284|FQVX01000003.1/153403-153551	2284|FQVX01000003.1/153403-153551	validation
2284|FQVX01000003.1/153403-153551	2026|FZOH01000002.1/95614-95478	validation
1504|CP001618.1/982156-982354	1504|CP001618.1/982156-982354	train
1504|CP001618.1/982156-982354	3239|MKVO01000013.1/4575-4388	train
0223|FQVH01000021.1/15644-15773	0223|FQVH01000021.1/15644-15773	train
3908|CP000820.1/6974887-6974725	0938|CP002801.1/5081443-5081613	train
3908|CP000820.1/6974887-6974725	0129|ADGX01000045.1/25934-25767	train
3908|CP000820.1/6974887-6974725	2559|CP001821.1/3159790-3159638	train
3908|CP000820.1/6974887-6974725	1833|MBLO01000253.1/5241-5449	train
3908|CP000820.1/6974887-6974725	2135|CP000820.1/6974887-6974725	train
3908|CP000820.1/6974887-6974725	3908|CP000820.1/6974887-6974725	train
3908|CP000820.1/6974887-6974725	1519|LRTK01000021.1/97474-97641	train
3908|CP000820.1/6974887-6974725	2472|MBLN01000056.1/17236-17444	train
3908|CP000820.1/6974887-6974725	2528|MBLM01000003.1/143974-144141	train
3908|CP000820.1/6974887-6974725	0944|MOMC01000122.1/7822-7614	train
3908|CP000820.1/6974887-6974725	0896|CP002299.1/8358969-8359174	train
3908|CP000820.1/6974887-6974725	2992|CP000820.1/7938173-7938379	train
3430|CP012602.1/574488-574616	3430|CP012602.1/574488-574616	train
3430|CP012602.1/574488-574616	3229|CCXR01000001.1/3837115-3836992	train
2596|MNJO01000059.1/6725-6580	2596|MNJO01000059.1/6725-6580	validation
2596|MNJO01000059.1/6725-6580	0965|MNJO01000055.1/12972-12825	validation
2596|MNJO01000059.1/6725-6580	1302|CP001854.1/4509405-4509265	validation
0194|AOPZ01000279.1/660-496	2086|LOCL01000035.1/94708-94881	train
0194|AOPZ01000279.1/660-496	3553|CP021748.1/1273063-1273228	train
0194|AOPZ01000279.1/660-496	0194|AOPZ01000279.1/660-496	train
0194|AOPZ01000279.1/660-496	1546|MVFC01000015.1/77492-77663	train
3554|AP009152.1/2079669-2079470	0478|CP013254.1/787842-788031	train
3554|AP009152.1/2079669-2079470	3554|AP009152.1/2079669-2079470	train
3554|AP009152.1/2079669-2079470	3702|JROM01000021.1/313374-313175	train
2969|MELW01000002.1/17553-17389	2969|MELW01000002.1/17553-17389	train
2611|AFDH01000084.1/21382-21204	2611|AFDH01000084.1/21382-21204	train
2611|AFDH01000084.1/21382-21204	0126|AKKV01000025.1/168230-168069	train
2611|AFDH01000084.1/21382-21204	2983|CP013023.1/3029906-3030106	train
2611|AFDH01000084.1/21382-21204	1558|CP011388.1/2794026-2794216	train
2611|AFDH01000084.1/21382-21204	0864|CP003235.1/1688813-1688971	train
0474|CP021434.1/239881-239738	0474|CP021434.1/239881-239738	train
0248|FNKH01000002.1/1121640-1121814	0248|FNKH01000002.1/1121640-1121814	train
0248|FNKH01000002.1/1121640-1121814	1650|FNKH01000002.1/3680070-3680247	train
3665|CP012600.1/2586461-2586313	3665|CP012600.1/2586461-2586313	validation
2953|JQCR01000001.1/288556-288425	2953|JQCR01000001.1/288556-288425	train
2953|JQCR01000001.1/288556-288425	1778|LVJI01000035.1/59824-59958	train
2953|JQCR01000001.1/288556-288425	2056|LN831776.1/6722888-6722756	train
2953|JQCR01000001.1/288556-288425	1343|KK073875.1/1253983-1254122	train
2953|JQCR01000001.1/288556-288425	2920|MSZX01000005.1/6082-6213	train
2953|JQCR01000001.1/288556-288425	0867|AWUK01000007.1/283108-282977	train
2953|JQCR01000001.1/288556-288425	2285|GG695975.1/171250-171384	train
1791|MNJM01000349.1/6127-6258	2927|MNJM01000002.1/6378-6512	train
1791|MNJM01000349.1/6127-6258	1669|MNDW01000157.1/10156-10290	train
1791|MNJM01000349.1/6127-6258	1791|MNJM01000349.1/6127-6258	train
1341|CP002059.1/1388423-1388245	1671|JXCA01000006.1/1177938-1177691	train
1341|CP002059.1/1388423-1388245	0931|BA000019.2/4078676-4078826	train
1341|CP002059.1/1388423-1388245	1341|CP002059.1/1388423-1388245	train
1341|CP002059.1/1388423-1388245	0102|JXCB01000004.1/692962-693206	train
1341|CP002059.1/1388423-1388245	0768|AP017295.1/4635669-4635516	train
2795|CP000924.1/1051961-1052087	2795|CP000924.1/1051961-1052087	train
2795|CP000924.1/1051961-1052087	1733|CP003184.1/1699796-1699924	train
0637|FMIF01000033.1/36327-36457	0637|FMIF01000033.1/36327-36457	train
3625|AEDD01000010.1/208029-208190	3625|AEDD01000010.1/208029-208190	train
2808|LGVB01000015.1/1642865-1642668	2808|LGVB01000015.1/1642865-1642668	train
3672|FRAF01000013.1/39023-39193	3672|FRAF01000013.1/39023-39193	validation
2966|CP003170.1/1321942-1321815	2966|CP003170.1/1321942-1321815	train
1456|JNVM01000032.1/49459-49269	1456|JNVM01000032.1/49459-49269	train
1456|JNVM01000032.1/49459-49269	3705|FPIU01000034.1/11748-11939	train
1456|JNVM01000032.1/49459-49269	1767|JXAK01000038.1/51974-51761	train
1456|JNVM01000032.1/49459-49269	1187|CP003235.1/8378863-8378642	train
1456|JNVM01000032.1/49459-49269	0701|MRTH01000044.1/11579-11786	train
1456|JNVM01000032.1/49459-49269	0459|NHRJ01000020.1/13221-13421	train
1421|MRTH01000047.1/54356-54500	1421|MRTH01000047.1/54356-54500	train
1421|MRTH01000047.1/54356-54500	2879|NHRJ01000006.1/166235-166375	train
3240|LADO01000036.1/2942-3095	3240|LADO01000036.1/2942-3095	validation
1276|LGIU01000051.1/57968-58155	1276|LGIU01000051.1/57968-58155	train
1276|LGIU01000051.1/57968-58155	0238|FNKH01000002.1/1199242-1199048	train
1276|LGIU01000051.1/57968-58155	0030|FNKH01000002.1/1197884-1197690	train
1095|AL450380.1/2554551-2554736	1095|AL450380.1/2554551-2554736	train
0904|CP009286.1/2411031-2410887	1639|BBIW01000005.1/305017-304876	train
0904|CP009286.1/2411031-2410887	2965|CP009284.1/6187022-6187164	train
0904|CP009286.1/2411031-2410887	0904|CP009286.1/2411031-2410887	train
0904|CP009286.1/2411031-2410887	0346|AEDD01000002.1/474775-474636	train
0904|CP009286.1/2411031-2410887	2996|CP011058.1/5274737-5274593	train
0904|CP009286.1/2411031-2410887	1950|CP009241.1/3096392-3096256	train
0904|CP009286.1/2411031-2410887	2918|CP001793.1/6352870-6352724	train
0904|CP009286.1/2411031-2410887	3374|CP011388.1/805158-805016	train
0824|KI632511.1/2851387-2851201	0824|KI632511.1/2851387-2851201	train
0744|BAVZ01000005.1/244269-244437	0744|BAVZ01000005.1/244269-244437	train
2943|LOHS01000116.1/8201-8042	3678|CM002273.1/6323631-6323461	validation
2943|LOHS01000116.1/8201-8042	0187|AP009493.1/7468330-7468145	validation
2943|LOHS01000116.1/8201-8042	2602|CP020563.1/688863-689047	validation
2943|LOHS01000116.1/8201-8042	1858|AEJB01000102.1/2621-2800	validation
2943|LOHS01000116.1/8201-8042	1117|MEHJ01000001.1/6838035-6837853	validation
2943|LOHS01000116.1/8201-8042	2943|LOHS01000116.1/8201-8042	validation
2943|LOHS01000116.1/8201-8042	1996|JXOM01000679.1/358-528	validation
2943|LOHS01000116.1/8201-8042	0463|LGKH01000936.1/382-552	validation
2943|LOHS01000116.1/8201-8042	2549|JTIY01000002.1/110542-110372	validation
2253|FO203431.1/3517271-3517087	2253|FO203431.1/3517271-3517087	train
1720|MPOH02000015.1/103126-103270	1720|MPOH02000015.1/103126-103270	validation
1720|MPOH02000015.1/103126-103270	1340|CP016795.1/945310-945454	validation
0790|LMSA01000001.1/913661-913479	3660|CH672413.1/3420424-3420587	train
0790|LMSA01000001.1/913661-913479	2357|AVPJ01000017.1/9939-9759	train
0790|LMSA01000001.1/913661-913479	0409|AVPK01000009.1/116493-116655	train
0790|LMSA01000001.1/913661-913479	0790|LMSA01000001.1/913661-913479	train
0790|LMSA01000001.1/913661-913479	2973|AVPI01000060.1/5691-5529	train
0785|LYPA01000071.1/209844-209993	0565|CP003235.1/8426944-8427078	train
0785|LYPA01000071.1/209844-209993	1023|GG695996.1/17287-17091	train
0785|LYPA01000071.1/209844-209993	3638|MAQW01000008.1/17271-17130	train
0785|LYPA01000071.1/209844-209993	0785|LYPA01000071.1/209844-209993	train
0785|LYPA01000071.1/209844-209993	3274|FPIU01000007.1/299111-298976	train
0785|LYPA01000071.1/209844-209993	0554|BAVZ01000024.1/16404-16264	train
0785|LYPA01000071.1/209844-209993	3267|MSZX01000016.1/71924-71788	train
0785|LYPA01000071.1/209844-209993	1891|CP011058.1/2401153-2400907	train
0276|JRNV01000031.1/12979-13203	0276|JRNV01000031.1/12979-13203	validation
0276|JRNV01000031.1/12979-13203	0712|BAVZ01000030.1/11929-12142	validation
2418|MDER01000026.1/11950-12173	2418|MDER01000026.1/11950-12173	validation
2418|MDER01000026.1/11950-12173	1580|CP013023.1/691164-691396	validation
2206|MEHJ01000001.1/1397441-1397270	0981|LLZU01000010.1/97575-97765	train
2206|MEHJ01000001.1/1397441-1397270	2206|MEHJ01000001.1/1397441-1397270	train
2206|MEHJ01000001.1/1397441-1397270	1759|LLZN01000058.1/6111-6271	train
2206|MEHJ01000001.1/1397441-1397270	0954|CP003219.1/2243460-2243278	train
2206|MEHJ01000001.1/1397441-1397270	3030|JYJH01000007.1/153626-153782	train
2206|MEHJ01000001.1/1397441-1397270	1003|AGBF01000023.1/44114-43946	train
1335|CP001814.1/8853672-8853888	1335|CP001814.1/8853672-8853888	train
1335|CP001814.1/8853672-8853888	3405|FZOD01000016.1/20305-20520	train
0696|CP002770.1/2718262-2718420	0696|CP002770.1/2718262-2718420	train
2250|GL892032.1/1726325-1726195	2250|GL892032.1/1726325-1726195	train
1967|LYPA01000076.1/4079-3902	1967|LYPA01000076.1/4079-3902	train
3139|JRTT01000129.1/92305-92170	3139|JRTT01000129.1/92305-92170	train
3139|JRTT01000129.1/92305-92170	0714|LT629758.1/3969757-3969628	train
0975|AFDH01000082.1/42613-42473	0975|AFDH01000082.1/42613-42473	train
0275|CP003255.1/3790825-3790978	0275|CP003255.1/3790825-3790978	validation
0820|CP003219.1/404682-404848	0820|CP003219.1/404682-404848	train
2398|FQZS01000003.1/125296-125421	2398|FQZS01000003.1/125296-125421	train
1820|CP009788.1/2128547-2128389	1820|CP009788.1/2128547-2128389	train
2803|MGOB01000023.1/4724-4585	2803|MGOB01000023.1/4724-4585	validation
0978|CP014140.1/1282560-1282415	0978|CP014140.1/1282560-1282415	train
2127|LT840184.1/6211376-6211512	0602|FXAZ01000010.1/56323-56178	train
2127|LT840184.1/6211376-6211512	2127|LT840184.1/6211376-6211512	train
1329|LIYH01000004.1/432672-432507	1376|GG657757.1/7638564-7638724	train
1329|LIYH01000004.1/432672-432507	0813|CP009438.1/6475719-6475882	train
1329|LIYH01000004.1/432672-432507	0099|MWJO01000105.1/22694-22878	train
1329|LIYH01000004.1/432672-432507	2743|LWAB01000002.1/557669-557508	train
1329|LIYH01000004.1/432672-432507	0123|JXTE01000045.1/12017-12201	train
1329|LIYH01000004.1/432672-432507	1488|CP010407.1/7031406-7031595	train
1329|LIYH01000004.1/432672-432507	3620|NCTE01000596.1/14520-14359	train
1329|LIYH01000004.1/432672-432507	2828|MVFC01000003.1/459653-459811	train
1329|LIYH01000004.1/432672-432507	2015|AL645882.2/7531017-7531174	train
1329|LIYH01000004.1/432672-432507	3344|LZQS01000003.1/212548-212388	train
1329|LIYH01000004.1/432672-432507	2074|CP002475.1/743111-742953	train
1329|LIYH01000004.1/432672-432507	0861|KQ949028.1/388728-388921	train
1329|LIYH01000004.1/432672-432507	0710|GG657750.1/6590271-6590473	train
1329|LIYH01000004.1/432672-432507	0096|AEJC01000459.1/7523-7339	train
1329|LIYH01000004.1/432672-432507	3473|FN554889.1/1442514-1442356	train
1329|LIYH01000004.1/432672-432507	1900|CP016795.1/7012008-7012166	train
1329|LIYH01000004.1/432672-432507	0733|LMIZ01000060.1/7800-7957	train
1329|LIYH01000004.1/432672-432507	2105|AEYX01000036.1/268411-268581	train
1329|LIYH01000004.1/432672-432507	3049|AOHP01000078.1/6145-6309	train
1329|LIYH01000004.1/432672-432507	3020|MEHJ01000001.1/7049222-7049058	train
1329|LIYH01000004.1/432672-432507	2944|FMCO01000645.1/8647-8807	train
1329|LIYH01000004.1/432672-432507	0117|CM002280.1/1053788-1053629	train
1329|LIYH01000004.1/432672-432507	2367|KQ949086.1/140785-140620	train
1329|LIYH01000004.1/432672-432507	2890|AWOQ01000271.1/314-154	train
1329|LIYH01000004.1/432672-432507	3772|KE354160.1/29295-29456	train
1329|LIYH01000004.1/432672-432507	2553|JXTE01000001.1/283522-283679	train
1329|LIYH01000004.1/432672-432507	2229|FMCI01000157.1/69272-69446	train
1329|LIYH01000004.1/432672-432507	3588|LWAB01000011.1/3945128-3944959	train
1329|LIYH01000004.1/432672-432507	3479|FWZW01000001.1/966444-966287	train
1329|LIYH01000004.1/432672-432507	1894|CM000951.1/8049213-8049375	train
1329|LIYH01000004.1/432672-432507	2428|MWFK01000001.1/4927964-4928121	train
1329|LIYH01000004.1/432672-432507	2774|LAVA02000035.1/92524-92357	train
1329|LIYH01000004.1/432672-432507	0078|AP009493.1/1131776-1131616	train
1329|LIYH01000004.1/432672-432507	0006|GG657758.1/861442-861277	train
1329|LIYH01000004.1/432672-432507	3186|KN039947.1/112390-112233	train
1329|LIYH01000004.1/432672-432507	2391|BA000030.4/5911883-5911718	train
1329|LIYH01000004.1/432672-432507	0845|MEHK01000001.1/6138901-6139097	train
1329|LIYH01000004.1/432672-432507	3390|LGDU01000381.1/7807-7967	train
1329|LIYH01000004.1/432672-432507	0883|JTHL01000001.1/8441973-8442129	train
1329|LIYH01000004.1/432672-432507	0819|JXOL01000303.1/4000-4210	train
1329|LIYH01000004.1/432672-432507	3132|LGDW01000248.1/68014-67855	train
1329|LIYH01000004.1/432672-432507	2768|FMDL01000616.1/8358-8198	train
1329|LIYH01000004.1/432672-432507	3522|LAVA02000051.1/33856-34017	train
1329|LIYH01000004.1/432672-432507	3215|LIVZ01000014.1/40693-40850	train
1329|LIYH01000004.1/432672-432507	0842|CP010849.1/6910373-6910537	train
1329|LIYH01000004.1/432672-432507	1594|MPOH02000005.1/240759-240602	train
1329|LIYH01000004.1/432672-432507	1059|KQ257834.1/951248-951087	train
1329|LIYH01000004.1/432672-432507	2464|LGDF01000158.1/336204-336366	train
1329|LIYH01000004.1/432672-432507	1495|CP017316.1/5957376-5957534	train
1329|LIYH01000004.1/432672-432507	2835|LJCU01000215.1/164988-164830	train
1329|LIYH01000004.1/432672-432507	0762|LGDE01000101.1/48194-48008	train
1329|LIYH01000004.1/432672-432507	1521|CP016438.1/8655386-8655565	train
1329|LIYH01000004.1/432672-432507	2172|AEJC01000529.1/18660-18818	train
1329|LIYH01000004.1/432672-432507	2262|KE150426.1/1490889-1490722	train
1329|LIYH01000004.1/432672-432507	1329|LIYH01000004.1/432672-432507	train
1329|LIYH01000004.1/432672-432507	3886|AL939129.1/64567-64726	train
1329|LIYH01000004.1/432672-432507	3422|LGDA01000002.1/165560-165756	train
1329|LIYH01000004.1/432672-432507	2571|LJCX01000027.1/454569-454375	train
1329|LIYH01000004.1/432672-432507	0651|JZWX01000063.1/7282-7489	train
1329|LIYH01000004.1/432672-432507	3680|CP020563.1/7452997-7453157	train
1329|LIYH01000004.1/432672-432507	0588|KQ948015.1/356454-356291	train
1329|LIYH01000004.1/432672-432507	0456|LFNT01000004.1/8268-8463	train
1329|LIYH01000004.1/432672-432507	2259|DS999641.1/985352-985190	train
1329|LIYH01000004.1/432672-432507	0736|LT670819.1/1487590-1487431	train
1329|LIYH01000004.1/432672-432507	2125|MLYO01000056.1/10581-10761	train
1329|LIYH01000004.1/432672-432507	3534|JTIY01000002.1/580131-580292	train
1329|LIYH01000004.1/432672-432507	2967|AOPZ01000014.1/63163-63001	train
1329|LIYH01000004.1/432672-432507	1588|CP011664.1/6501040-6501246	train
1329|LIYH01000004.1/432672-432507	1616|KQ947986.1/303192-303035	train
1329|LIYH01000004.1/432672-432507	1547|BA000030.4/2009780-2009622	train
1329|LIYH01000004.1/432672-432507	2520|LOHS01000086.1/50997-51183	train
1329|LIYH01000004.1/432672-432507	0022|KQ948924.1/517400-517204	train
1329|LIYH01000004.1/432672-432507	0431|AEJB01000295.1/17377-17534	train
1329|LIYH01000004.1/432672-432507	1751|JFCB01000001.1/651547-651709	train
1329|LIYH01000004.1/432672-432507	0672|JZWV01001645.1/1238-1398	train
1329|LIYH01000004.1/432672-432507	1066|CP013142.1/6922363-6922527	train
1329|LIYH01000004.1/432672-432507	0372|LIVQ01000001.1/1019396-1019222	train
1329|LIYH01000004.1/432672-432507	2864|LMTQ02000031.1/14776-14937	train
1329|LIYH01000004.1/432672-432507	2701|CM002273.1/874770-874949	train
1329|LIYH01000004.1/432672-432507	0017|FODD01000011.1/117116-116960	train
1329|LIYH01000004.1/432672-432507	2185|LIWB01000010.1/162283-162122	train
1329|LIYH01000004.1/432672-432507	0652|CP002993.1/6752140-6752311	train
1329|LIYH01000004.1/432672-432507	2257|NGFN01000030.1/38812-38973	train
1329|LIYH01000004.1/432672-432507	0031|JTHL01000001.1/9110662-9110818	train
1329|LIYH01000004.1/432672-432507	0572|ASHX02000001.1/573876-573716	train
1329|LIYH01000004.1/432672-432507	2040|MWJO01000015.1/69192-69360	train
1329|LIYH01000004.1/432672-432507	0669|LGDG01000231.1/70126-70283	train
1329|LIYH01000004.1/432672-432507	3881|BA000030.3/5911883-5911718	train
1329|LIYH01000004.1/432672-432507	0062|LMEI01000009.1/148076-147921	train
1329|LIYH01000004.1/432672-432507	3406|CP012382.1/6926177-6926334	train
1329|LIYH01000004.1/432672-432507	3647|MKXB01000047.1/5185-5027	train
1329|LIYH01000004.1/432672-432507	3349|CM000913.1/6180089-6180259	train
1329|LIYH01000004.1/432672-432507	3885|BA000030.3/2009780-2009620	train
1329|LIYH01000004.1/432672-432507	0759|FLSP01000001.1/85721-85526	train
1329|LIYH01000004.1/432672-432507	3234|KQ948552.1/546218-546025	train
1329|LIYH01000004.1/432672-432507	2184|LIXJ01000006.1/210126-209941	train
1329|LIYH01000004.1/432672-432507	1822|CP020563.1/7905848-7906037	train
1329|LIYH01000004.1/432672-432507	1847|LGCN01000258.1/18177-18335	train
1329|LIYH01000004.1/432672-432507	2065|LJCV01000041.1/6046-5889	train
1329|LIYH01000004.1/432672-432507	2228|LWLE01000004.1/83548-83391	train
1329|LIYH01000004.1/432672-432507	1252|LGEE01000116.1/63335-63176	train
1329|LIYH01000004.1/432672-432507	2517|LLZG01000025.1/52049-52206	train
1329|LIYH01000004.1/432672-432507	0034|FPJO01000031.1/8118-8274	train
1329|LIYH01000004.1/432672-432507	0757|LFML01000014.1/264-96	train
1329|LIYH01000004.1/432672-432507	2096|CP003275.1/6534147-6533966	train
1329|LIYH01000004.1/432672-432507	3392|FN554889.1/4256404-4256609	train
1329|LIYH01000004.1/432672-432507	1492|LMWH01000239.1/65215-65015	train
1329|LIYH01000004.1/432672-432507	2663|KQ948562.1/123853-124088	train
1329|LIYH01000004.1/432672-432507	2693|JYJI01000036.1/41972-41766	train
1329|LIYH01000004.1/432672-432507	2722|AEYX01000031.1/165998-166158	train
1329|LIYH01000004.1/432672-432507	2733|LOHS01000089.1/80337-80144	train
1329|LIYH01000004.1/432672-432507	2868|FR845719.1/7043426-7043580	train
1329|LIYH01000004.1/432672-432507	2558|JWZS01000815.1/316-125	train
1329|LIYH01000004.1/432672-432507	2425|MLYP01000007.1/72393-72566	train
1329|LIYH01000004.1/432672-432507	3282|CP010849.1/4535916-4535747	train
1329|LIYH01000004.1/432672-432507	1561|FMCI01000304.1/21027-21186	train
1329|LIYH01000004.1/432672-432507	3337|HE971709.1/1721042-1720848	train
2564|MKJY01000592.1/7765-7612	2564|MKJY01000592.1/7765-7612	train
1784|CP007051.1/1452715-1452576	1784|CP007051.1/1452715-1452576	validation
1784|CP007051.1/1452715-1452576	0109|MDSU01000018.1/6432-6570	validation
0797|CP013023.1/377171-376978	0797|CP013023.1/377171-376978	validation
2199|CP009241.1/4188179-4188366	2233|LN831776.1/1052667-1052854	train
2199|CP009241.1/4188179-4188366	2548|JQCR01000003.1/1433753-1433568	train
2199|CP009241.1/4188179-4188366	2199|CP009241.1/4188179-4188366	train
2199|CP009241.1/4188179-4188366	2078|CP004078.1/2738136-2738321	train
1404|GL987996.1/196714-196848	1404|GL987996.1/196714-196848	train
0919|CP002360.1/2538792-2538654	0919|CP002360.1/2538792-2538654	train
0919|CP002360.1/2538792-2538654	3262|CP002360.1/1802794-1802655	train
0396|JYFD01000222.1/15613-15769	0396|JYFD01000222.1/15613-15769	train
0289|LT840184.1/2300109-2300240	2629|MAQW01000012.1/859492-859356	validation
0289|LT840184.1/2300109-2300240	2836|LAZU01000028.1/237986-238117	validation
0289|LT840184.1/2300109-2300240	0289|LT840184.1/2300109-2300240	validation
3314|JRMZ01000016.1/85189-85065	0873|AZMC01000210.1/5810-5686	train
3314|JRMZ01000016.1/85189-85065	3314|JRMZ01000016.1/85189-85065	train
2186|FO203431.1/4042354-4042493	2186|FO203431.1/4042354-4042493	validation
3802|CP011388.1/1518318-1518122	3802|CP011388.1/1518318-1518122	train
3802|CP011388.1/1518318-1518122	1113|CP002213.2/1470029-1470202	train
1743|JRNE01000025.1/1183-1006	1743|JRNE01000025.1/1183-1006	train
1743|JRNE01000025.1/1183-1006	0521|JRNE01000025.1/98718-98895	train
1743|JRNE01000025.1/1183-1006	1929|LAYS01000015.1/113498-113682	train
0948|LAZH01000020.1/44768-44621	0948|LAZH01000020.1/44768-44621	train
2532|LT838272.1/3159770-3159914	2532|LT838272.1/3159770-3159914	validation
1664|FQVX01000002.1/889196-889328	1664|FQVX01000002.1/889196-889328	train
2691|CP002216.1/2002793-2002945	2691|CP002216.1/2002793-2002945	train
2691|CP002216.1/2002793-2002945	3119|CP000679.1/819128-818978	train
2691|CP002216.1/2002793-2002945	3883|CP000679.1/819128-818978	train
2491|CP002901.1/1527286-1527424	2491|CP002901.1/1527286-1527424	train
1647|AP011540.1/275666-275825	2327|CP002280.1/606208-606026	train
1647|AP011540.1/275666-275825	1647|AP011540.1/275666-275825	train
3160|JYFD01000115.1/4868-4715	3160|JYFD01000115.1/4868-4715	train
3058|LDCM01000004.1/81107-80936	1586|KI547040.1/331255-331435	train
3058|LDCM01000004.1/81107-80936	3058|LDCM01000004.1/81107-80936	train
3058|LDCM01000004.1/81107-80936	3442|CP008889.1/2471530-2471318	train
0774|CP007032.1/513051-512905	2688|CP007032.1/1901135-1901280	validation
0774|CP007032.1/513051-512905	0774|CP007032.1/513051-512905	validation
1004|CP001032.1/4322251-4322421	1004|CP001032.1/4322251-4322421	validation
0324|JXAK01000011.1/32647-32479	0324|JXAK01000011.1/32647-32479	train
3593|CP011388.1/1998004-1997858	3593|CP011388.1/1998004-1997858	validation
1965|CP001983.1/3007397-3007257	1965|CP001983.1/3007397-3007257	train
3729|LSGP01000026.1/127623-127744	3729|LSGP01000026.1/127623-127744	train
2269|FXAZ01000004.1/334652-334848	2269|FXAZ01000004.1/334652-334848	train
0356|MBTG01000012.1/490297-490473	2059|LMSP01000009.1/113010-112832	train
0356|MBTG01000012.1/490297-490473	0356|MBTG01000012.1/490297-490473	train
0160|MWQN01000002.1/249047-249239	0160|MWQN01000002.1/249047-249239	train
0160|MWQN01000002.1/249047-249239	1595|JYOE01000008.1/34384-34205	train
0160|MWQN01000002.1/249047-249239	2575|LGDU01000286.1/105103-104911	train
2544|LWNT01000067.1/52310-52168	2544|LWNT01000067.1/52310-52168	train
2421|CSXB01000006.1/110874-111041	2421|CSXB01000006.1/110874-111041	validation
2421|CSXB01000006.1/110874-111041	3313|FSGV01000004.1/368563-368738	validation
2421|CSXB01000006.1/110874-111041	1804|AYTE01000006.1/19387-19559	validation
1081|MGZL01000028.1/23570-23707	1081|MGZL01000028.1/23570-23707	train
0666|AP006618.1/5934993-5934822	0666|AP006618.1/5934993-5934822	train
0640|AKKV01000024.1/136711-136574	0640|AKKV01000024.1/136711-136574	train
1391|MNJM01000268.1/1204-1081	1391|MNJM01000268.1/1204-1081	validation
3565|AP012319.1/424990-425129	1268|CP002162.1/5340142-5340272	validation
3565|AP012319.1/424990-425129	0291|CP003170.1/521587-521454	validation
3565|AP012319.1/424990-425129	1006|FMIA01000002.1/4840438-4840570	validation
3565|AP012319.1/424990-425129	2458|HF570108.1/5603641-5603772	validation
3565|AP012319.1/424990-425129	1015|FSQT01000002.1/551677-551808	validation
3565|AP012319.1/424990-425129	3086|LGEB01000048.1/5860-5729	validation
3565|AP012319.1/424990-425129	1186|LT598496.1/6334004-6333873	validation
3565|AP012319.1/424990-425129	1182|LWLS01000035.1/178555-178687	validation
3565|AP012319.1/424990-425129	2603|KQ058723.1/3600-3468	validation
3565|AP012319.1/424990-425129	0519|LLZH01000178.1/81446-81313	validation
3565|AP012319.1/424990-425129	3054|LT607750.1/857232-857101	validation
3565|AP012319.1/424990-425129	3733|LT594324.1/3902160-3902292	validation
3565|AP012319.1/424990-425129	1108|LLZH01000178.1/81655-81792	validation
3565|AP012319.1/424990-425129	3696|LT607413.1/4002226-4002095	validation
3565|AP012319.1/424990-425129	3104|GG657738.1/1841938-1842067	validation
3565|AP012319.1/424990-425129	0967|FMHT01000003.1/1405272-1405403	validation
3565|AP012319.1/424990-425129	3565|AP012319.1/424990-425129	validation
3565|AP012319.1/424990-425129	0673|LRMV01000076.1/5597-5728	validation
3565|AP012319.1/424990-425129	0058|JXSX01000003.1/216244-216115	validation
3565|AP012319.1/424990-425129	3913|CP000850.1/4190713-4190844	validation
3565|AP012319.1/424990-425129	3092|LT607751.1/5272465-5272596	validation
3565|AP012319.1/424990-425129	3475|GG657738.1/4050378-4050247	validation
3565|AP012319.1/424990-425129	1651|LT607733.1/1189510-1189379	validation
3565|AP012319.1/424990-425129	3875|CP000667.1/3890461-3890591	validation
3565|AP012319.1/424990-425129	0367|LT607753.1/1985906-1986037	validation
3565|AP012319.1/424990-425129	1257|LT629758.1/7093044-7092908	validation
3565|AP012319.1/424990-425129	1356|FTNF01000037.1/4565-4697	validation
3565|AP012319.1/424990-425129	1980|FMDM01000003.1/81494-81364	validation
3565|AP012319.1/424990-425129	1256|CP000667.1/3890461-3890592	validation
0921|CP001802.1/1287046-1286864	2417|BAOQ01000041.1/18891-19087	train
0921|CP001802.1/1287046-1286864	3640|BAED01000052.1/20288-20088	train
0921|CP001802.1/1287046-1286864	2608|BANX01000014.1/152649-152857	train
0921|CP001802.1/1287046-1286864	0921|CP001802.1/1287046-1286864	train
0921|CP001802.1/1287046-1286864	3785|BAEH01000037.1/5715-5504	train
3094|LN889796.1/280684-280841	3094|LN889796.1/280684-280841	validation
1868|GL985606.1/752247-752418	1868|GL985606.1/752247-752418	train
1868|GL985606.1/752247-752418	1071|AKFT01000201.1/5322-5160	train
3446|MBRF01000010.1/196725-196887	3446|MBRF01000010.1/196725-196887	train
3372|JYJI01000201.1/11044-10874	2354|CP002475.1/4373459-4373632	train
3372|JYJI01000201.1/11044-10874	0052|FMDL01000214.1/971-791	train
3372|JYJI01000201.1/11044-10874	0370|MEHK01000001.1/3118854-3118682	train
3372|JYJI01000201.1/11044-10874	3372|JYJI01000201.1/11044-10874	train
3372|JYJI01000201.1/11044-10874	0538|GG770539.1/4221336-4221513	train
3372|JYJI01000201.1/11044-10874	0386|JXOL01000234.1/495-664	train
3372|JYJI01000201.1/11044-10874	1843|MVFC01000033.1/86181-86013	train
3372|JYJI01000201.1/11044-10874	1922|LNSV01000109.1/4948-4775	train
3372|JYJI01000201.1/11044-10874	1275|LGDF01000036.1/37961-38143	train
3372|JYJI01000201.1/11044-10874	1734|LIVQ01000006.1/80382-80210	train
3372|JYJI01000201.1/11044-10874	0997|LGDE01000360.1/36326-36156	train
3372|JYJI01000201.1/11044-10874	3270|FMCO01000201.1/7823-8001	train
3372|JYJI01000201.1/11044-10874	2143|ASHX02000001.1/3930773-3930944	train
3372|JYJI01000201.1/11044-10874	1234|CM001165.1/4604981-4605158	train
3372|JYJI01000201.1/11044-10874	0460|CP017316.1/2492005-2491833	train
3372|JYJI01000201.1/11044-10874	3605|LGDA01000247.1/58875-59047	train
3372|JYJI01000201.1/11044-10874	0112|MEHJ01000001.1/4736399-4736571	train
3372|JYJI01000201.1/11044-10874	0068|CP020563.1/2878529-2878331	train
3372|JYJI01000201.1/11044-10874	2009|CM000950.1/4767102-4767322	train
2265|DS999545.1/273323-273475	2265|DS999545.1/273323-273475	train
1515|LTBB01000012.1/78276-78150	0290|AUPA01000192.1/114675-114551	train
1515|LTBB01000012.1/78276-78150	2012|LHUR01000012.1/81666-81793	train
1515|LTBB01000012.1/78276-78150	1515|LTBB01000012.1/78276-78150	train
0403|MEKT01000009.1/11465-11285	0403|MEKT01000009.1/11465-11285	validation
0048|FQTU01000014.1/19858-19993	0048|FQTU01000014.1/19858-19993	validation
3471|LKET01000068.1/100011-99884	0336|LKET01000068.1/96291-96164	train
3471|LKET01000068.1/100011-99884	3471|LKET01000068.1/100011-99884	train
2292|LOES01000027.1/27960-27824	2292|LOES01000027.1/27960-27824	validation
2225|CP006643.1/4767398-4767256	0693|AP008955.1/388723-388869	train
2225|CP006643.1/4767398-4767256	2225|CP006643.1/4767398-4767256	train
2905|KK073874.1/721546-721397	3634|FRCS01000002.1/268177-268355	train
2905|KK073874.1/721546-721397	2905|KK073874.1/721546-721397	train
2389|CP003630.1/2929633-2929754	1744|BBWW01000001.1/2631724-2631851	train
2389|CP003630.1/2929633-2929754	2389|CP003630.1/2929633-2929754	train
1582|MKRX01000005.1/288807-288947	3716|MEGB01000084.1/2199-2339	validation
1582|MKRX01000005.1/288807-288947	1582|MKRX01000005.1/288807-288947	validation
1128|CP001615.1/1228128-1227986	1128|CP001615.1/1228128-1227986	train
3897|CP000885.1/2073734-2073865	1450|CP000885.1/2073734-2073865	train
3897|CP000885.1/2073734-2073865	3897|CP000885.1/2073734-2073865	train
3712|LGUE01000005.1/13185-13323	3712|LGUE01000005.1/13185-13323	train
2732|FO203431.1/5232446-5232273	2732|FO203431.1/5232446-5232273	train
2732|FO203431.1/5232446-5232273	3449|JPMX01000044.1/11355-11199	train
2335|BAUV01000043.1/21959-22106	0512|CP001878.2/3689439-3689274	train
2335|BAUV01000043.1/21959-22106	2335|BAUV01000043.1/21959-22106	train
2335|BAUV01000043.1/21959-22106	0607|FNDC01000011.1/2798-2942	train
2335|BAUV01000043.1/21959-22106	1774|BA000028.3/1706087-1706245	train
2335|BAUV01000043.1/21959-22106	3865|BA000028.3/1706087-1706245	train
2335|BAUV01000043.1/21959-22106	3026|BAUU01000001.1/14044-14191	train
1574|MZGV01000022.1/38377-38500	1574|MZGV01000022.1/38377-38500	validation
3559|CP000448.1/1984509-1984356	3559|CP000448.1/1984509-1984356	train
3067|KN125580.1/6631630-6631451	3067|KN125580.1/6631630-6631451	train
2041|FWXI01000005.1/32533-32397	2068|CYSP01000001.1/292806-292936	train
2041|FWXI01000005.1/32533-32397	1181|CTRP01000014.1/1037230-1037094	train
2041|FWXI01000005.1/32533-32397	2444|LSLJ01000001.1/2232942-2232805	train
2041|FWXI01000005.1/32533-32397	2041|FWXI01000005.1/32533-32397	train
2041|FWXI01000005.1/32533-32397	1956|AAWL01000002.1/117860-117729	train
2041|FWXI01000005.1/32533-32397	3851|AAWL01000002.1/117860-117729	train
1323|CP015756.1/1931399-1931271	1323|CP015756.1/1931399-1931271	train
3703|LOCL01000048.1/184532-184701	2832|LJCU01000186.1/108236-108076	validation
3703|LOCL01000048.1/184532-184701	0075|FPJO01000013.1/146543-146358	validation
3703|LOCL01000048.1/184532-184701	0789|LGDD01000059.1/119657-119838	validation
3703|LOCL01000048.1/184532-184701	1209|CP019458.1/4935874-4935707	validation
3703|LOCL01000048.1/184532-184701	1501|LLZK01000002.1/114799-114954	validation
3703|LOCL01000048.1/184532-184701	0856|LIYH01000009.1/307501-307344	validation
3703|LOCL01000048.1/184532-184701	3703|LOCL01000048.1/184532-184701	validation
3703|LOCL01000048.1/184532-184701	2682|LYOY01000040.1/202699-202514	validation
3703|LOCL01000048.1/184532-184701	2492|LLZN01000001.1/121529-121342	validation
3703|LOCL01000048.1/184532-184701	3187|MPHV01000676.1/942-1102	validation
3703|LOCL01000048.1/184532-184701	3496|NGFN01000049.1/12782-12609	validation
0333|JYJF01000125.1/2304-2462	0333|JYJF01000125.1/2304-2462	train
2680|CP000476.1/40499-40326	1408|AVPD02000051.1/17539-17711	train
2680|CP000476.1/40499-40326	2680|CP000476.1/40499-40326	train
2314|MHHG01000011.1/2646-2509	2314|MHHG01000011.1/2646-2509	validation
2312|MKST01000005.1/175835-175653	2312|MKST01000005.1/175835-175653	train
0968|CP013745.1/4157536-4157340	0968|CP013745.1/4157536-4157340	train
0859|LJCO01000085.1/102236-102114	0859|LJCO01000085.1/102236-102114	train
3576|LMLV01000012.1/356149-355960	3576|LMLV01000012.1/356149-355960	train
1608|MELW01000205.1/2290-2159	1608|MELW01000205.1/2290-2159	train
3454|LWPN01000130.1/834-987	3454|LWPN01000130.1/834-987	train
2753|JYON01000023.1/67701-67875	2753|JYON01000023.1/67701-67875	validation
3245|CP014140.1/1167761-1167887	3245|CP014140.1/1167761-1167887	train
2005|MBTG01000042.1/28143-28284	2942|MRTH01000043.1/20882-20746	train
2005|MBTG01000042.1/28143-28284	3783|AWUK01000005.1/30066-30203	train
2005|MBTG01000042.1/28143-28284	1160|LVJI01000004.1/30642-30776	train
2005|MBTG01000042.1/28143-28284	0444|KN125580.1/34117-34253	train
2005|MBTG01000042.1/28143-28284	0259|LYPC01000011.1/26864-27002	train
2005|MBTG01000042.1/28143-28284	0429|MRTK01000027.1/42042-41889	train
2005|MBTG01000042.1/28143-28284	0643|MRTP01000026.1/17547-17408	train
2005|MBTG01000042.1/28143-28284	3643|BAVZ01000024.1/15364-15226	train
2005|MBTG01000042.1/28143-28284	2883|JZEJ01000001.1/1788525-1788392	train
2005|MBTG01000042.1/28143-28284	2005|MBTG01000042.1/28143-28284	train
2005|MBTG01000042.1/28143-28284	2232|NHRJ01000009.1/30058-30196	train
2005|MBTG01000042.1/28143-28284	1548|CP013653.1/230709-230854	train
2005|MBTG01000042.1/28143-28284	2489|LSFN01000019.1/14972-14835	train
2005|MBTG01000042.1/28143-28284	2342|LMSP01000007.1/28333-28473	train
2005|MBTG01000042.1/28143-28284	0457|LT629764.1/2269274-2269434	train
2005|MBTG01000042.1/28143-28284	0599|JRNV01000062.1/8998-9136	train
2005|MBTG01000042.1/28143-28284	2279|JXAL01000029.1/66175-66036	train
2005|MBTG01000042.1/28143-28284	0925|LMSD01000040.1/27454-27592	train
2005|MBTG01000042.1/28143-28284	1127|AFDH01000010.1/36421-36277	train
2005|MBTG01000042.1/28143-28284	3682|JZEJ01000001.1/3948855-3948693	train
2005|MBTG01000042.1/28143-28284	1706|CP013652.1/4442485-4442344	train
2005|MBTG01000042.1/28143-28284	0660|JNVM01000021.1/205717-205581	train
1235|BAVR01000048.1/9532-9403	1235|BAVR01000048.1/9532-9403	validation
3115|LDNX01000033.1/16539-16724	3115|LDNX01000033.1/16539-16724	train
2353|FMIA01000002.1/230372-230510	2353|FMIA01000002.1/230372-230510	train
2353|FMIA01000002.1/230372-230510	3048|FMDM01000005.1/309240-309377	train
2353|FMIA01000002.1/230372-230510	2220|LT607751.1/716225-716362	train
2353|FMIA01000002.1/230372-230510	2840|LWLS01000083.1/4959-4824	train
2140|CP012070.1/248630-248477	2140|CP012070.1/248630-248477	train
2140|CP012070.1/248630-248477	1308|CP008889.1/2504634-2504481	train
2140|CP012070.1/248630-248477	3788|CP012070.1/247274-247088	train
0849|FNLF01000002.1/4019662-4019818	0849|FNLF01000002.1/4019662-4019818	train
0677|CP003255.1/3957570-3957371	0677|CP003255.1/3957570-3957371	train
0454|CP016020.1/609163-609316	0454|CP016020.1/609163-609316	train
0454|CP016020.1/609163-609316	0134|LWSG01000008.1/90825-90983	train
0454|CP016020.1/609163-609316	2306|LWDV01000007.1/10657-10445	train
2301|MTPX01000038.1/12734-12898	2301|MTPX01000038.1/12734-12898	train
2301|MTPX01000038.1/12734-12898	3539|CP012590.1/2822869-2822702	train
2301|MTPX01000038.1/12734-12898	1481|FQTT01000009.1/589843-590006	train
0638|LT629732.1/5363886-5363727	0638|LT629732.1/5363886-5363727	validation
3247|KI632511.1/5245251-5245467	3247|KI632511.1/5245251-5245467	train
3758|CP012600.1/4286694-4286837	2102|CP000002.3/542499-542640	train
3758|CP012600.1/4286694-4286837	2088|CP000813.3/488683-488816	train
3758|CP012600.1/4286694-4286837	3758|CP012600.1/4286694-4286837	train
3758|CP012600.1/4286694-4286837	3880|CP000002.3/542499-542640	train
3758|CP012600.1/4286694-4286837	3238|LECW02000001.1/396821-396956	train
1981|CP003058.1/1000477-1000606	1981|CP003058.1/1000477-1000606	train
1370|LFKW01000139.1/3437-3276	1207|LT629776.1/1111595-1111755	validation
1370|LFKW01000139.1/3437-3276	1370|LFKW01000139.1/3437-3276	validation
1370|LFKW01000139.1/3437-3276	0907|CP002665.1/546289-546449	validation
3235|ANHZ02000024.1/44386-44556	3235|ANHZ02000024.1/44386-44556	train
2581|AP009389.1/1365191-1365343	2581|AP009389.1/1365191-1365343	train
2581|AP009389.1/1365191-1365343	1279|AP009389.1/82196-82409	train
2780|AWUK01000053.1/25429-25625	2780|AWUK01000053.1/25429-25625	train
3218|MELW01000151.1/4481-4358	3218|MELW01000151.1/4481-4358	train
3218|MELW01000151.1/4481-4358	0026|LJCO01000103.1/7359-7486	train
1577|CP022433.1/6760501-6760661	1577|CP022433.1/6760501-6760661	validation
2070|LKEV01000002.1/305129-304929	2070|LKEV01000002.1/305129-304929	train
1385|FO681348.1/363033-363166	1385|FO681348.1/363033-363166	validation
0795|AEDD01000010.1/208887-209046	0795|AEDD01000010.1/208887-209046	train
1334|CP010976.1/1783034-1783211	1334|CP010976.1/1783034-1783211	train
2569|MICZ01000049.1/137818-137951	2569|MICZ01000049.1/137818-137951	train
1410|CP002198.1/1647999-1647841	3564|CP001291.1/5496188-5496344	train
1410|CP002198.1/1647999-1647841	1410|CP002198.1/1647999-1647841	train
1410|CP002198.1/1647999-1647841	3808|CP003653.1/2313200-2313346	train
0764|CP001656.1/6860164-6860349	0764|CP001656.1/6860164-6860349	train
1815|LMSP01000009.1/106201-106062	1815|LMSP01000009.1/106201-106062	validation
0798|MKSH01000028.1/30544-30360	0798|MKSH01000028.1/30544-30360	train
3196|MAQW01000030.1/154113-154290	3536|BAVZ01000007.1/172432-172586	train
3196|MAQW01000030.1/154113-154290	3752|MRTP01000011.1/10816-10959	train
3196|MAQW01000030.1/154113-154290	3196|MAQW01000030.1/154113-154290	train
3196|MAQW01000030.1/154113-154290	2254|CP003355.1/2948868-2948695	train
3196|MAQW01000030.1/154113-154290	2850|CP009279.1/5648660-5648481	train
3196|MAQW01000030.1/154113-154290	2382|JQCR01000001.1/145777-145591	train
1244|AEKG01000052.1/2004-2163	1244|AEKG01000052.1/2004-2163	train
0874|FUHX01000049.1/13917-14067	0874|FUHX01000049.1/13917-14067	train
2867|JXRP01000013.1/111536-111688	2867|JXRP01000013.1/111536-111688	validation
1241|LQYX01000086.1/28078-27913	3590|FPJZ01000001.1/282608-282447	train
1241|LQYX01000086.1/28078-27913	3845|BA000043.1/3286126-3285968	train
1241|LQYX01000086.1/28078-27913	3017|JPZM01000005.1/140795-140936	train
1241|LQYX01000086.1/28078-27913	1241|LQYX01000086.1/28078-27913	train
1241|LQYX01000086.1/28078-27913	2001|CP007739.1/444200-444365	train
1241|LQYX01000086.1/28078-27913	1429|BA000043.1/3286126-3285968	train
1241|LQYX01000086.1/28078-27913	0382|LJAJ01000009.1/43094-43254	train
1241|LQYX01000086.1/28078-27913	2155|CP007739.1/2944250-2944086	train
0955|MGTE01000059.1/20145-20289	0955|MGTE01000059.1/20145-20289	validation
0581|FQYL01000005.1/145645-145803	0581|FQYL01000005.1/145645-145803	train
1957|BBWW01000001.1/4983962-4983806	1957|BBWW01000001.1/4983962-4983806	train
0161|CP002780.1/577093-577221	2916|CP003273.1/4219140-4219269	validation
0161|CP002780.1/577093-577221	0413|CP001720.1/623348-623491	validation
0161|CP002780.1/577093-577221	0161|CP002780.1/577093-577221	validation
0161|CP002780.1/577093-577221	0713|CP003096.1/259210-259346	validation
0161|CP002780.1/577093-577221	0924|LKET01000014.1/13544-13688	validation
0161|CP002780.1/577093-577221	2118|LDXJ01000042.1/31188-31043	validation
3455|CP002017.1/2412172-2412006	3455|CP002017.1/2412172-2412006	train
2938|LZSM01000005.1/225238-225021	3674|CP003169.1/2645246-2645065	train
2938|LZSM01000005.1/225238-225021	3619|BCSX01000007.1/211061-211244	train
2938|LZSM01000005.1/225238-225021	0352|JYNX01000057.1/106111-106324	train
2938|LZSM01000005.1/225238-225021	1711|LGTW01000004.1/130481-130692	train
2938|LZSM01000005.1/225238-225021	2938|LZSM01000005.1/225238-225021	train
2938|LZSM01000005.1/225238-225021	0005|ANBO01000034.1/225118-224947	train
2938|LZSM01000005.1/225238-225021	0676|MIHE01000016.1/43502-43282	train
2938|LZSM01000005.1/225238-225021	2303|LQIT01000017.1/94152-93948	train
2938|LZSM01000005.1/225238-225021	2109|LQIL01000001.1/721929-722108	train
2938|LZSM01000005.1/225238-225021	2677|LZHZ01000045.1/57155-56949	train
2938|LZSM01000005.1/225238-225021	1599|MIGZ01000274.1/1132-1315	train
2938|LZSM01000005.1/225238-225021	3740|MVID01000016.1/841-635	train
2938|LZSM01000005.1/225238-225021	2507|LQOS01000064.1/850-647	train
2938|LZSM01000005.1/225238-225021	2760|CP000518.1/4796679-4796883	train
2938|LZSM01000005.1/225238-225021	2641|LZKP01000151.1/233-423	train
2938|LZSM01000005.1/225238-225021	3790|LMVQ01000117.1/784-572	train
0086|MTKC01000003.1/3011352-3011135	0930|MPOH02000019.1/570899-571079	train
0086|MTKC01000003.1/3011352-3011135	0467|KQ948872.1/141261-141046	train
0086|MTKC01000003.1/3011352-3011135	0171|LWRP01000043.1/3330-3149	train
0086|MTKC01000003.1/3011352-3011135	2077|LGDZ01000141.1/120440-120261	train
0086|MTKC01000003.1/3011352-3011135	0348|LISW01000001.1/1097831-1097990	train
0086|MTKC01000003.1/3011352-3011135	1021|FMDK01000356.1/21574-21734	train
0086|MTKC01000003.1/3011352-3011135	3204|LGDG01000237.1/54291-54454	train
0086|MTKC01000003.1/3011352-3011135	1384|CP016795.1/4734073-4733917	train
0086|MTKC01000003.1/3011352-3011135	0269|AL645882.2/5004239-5004067	train
0086|MTKC01000003.1/3011352-3011135	2509|BDDR01000017.1/142467-142282	train
0086|MTKC01000003.1/3011352-3011135	1292|JXZB01000004.1/45094-45265	train
0086|MTKC01000003.1/3011352-3011135	0086|MTKC01000003.1/3011352-3011135	train
0086|MTKC01000003.1/3011352-3011135	1267|JFCB01000003.1/173905-173734	train
0086|MTKC01000003.1/3011352-3011135	1378|JPRF03000014.1/85734-85534	train
0086|MTKC01000003.1/3011352-3011135	2764|GG753626.1/3483670-3483480	train
0086|MTKC01000003.1/3011352-3011135	0423|LIWA01000014.1/116139-115958	train
0086|MTKC01000003.1/3011352-3011135	1702|CP012382.1/4678768-4678604	train
0086|MTKC01000003.1/3011352-3011135	3331|CP009313.1/4276257-4276060	train
0086|MTKC01000003.1/3011352-3011135	2414|LGDV01000002.1/150331-150151	train
0086|MTKC01000003.1/3011352-3011135	0720|KQ257828.1/9683-9500	train
0086|MTKC01000003.1/3011352-3011135	2000|KQ948208.1/176700-176520	train
0086|MTKC01000003.1/3011352-3011135	1286|CP011497.1/3646035-3646217	train
0086|MTKC01000003.1/3011352-3011135	1078|KN039947.1/2273593-2273760	train
0086|MTKC01000003.1/3011352-3011135	3761|LIVO01000003.1/978423-978613	train
0086|MTKC01000003.1/3011352-3011135	3146|FMDF01000215.1/370-216	train
0086|MTKC01000003.1/3011352-3011135	2422|FKJI03000021.1/88495-88287	train
0086|MTKC01000003.1/3011352-3011135	2550|LBDA02000057.1/162393-162175	train
0086|MTKC01000003.1/3011352-3011135	2396|LIXJ01000001.1/441241-441087	train
0086|MTKC01000003.1/3011352-3011135	2717|CP006259.1/4982400-4982187	train
0086|MTKC01000003.1/3011352-3011135	2539|KQ947988.1/626924-627095	train
0086|MTKC01000003.1/3011352-3011135	0876|CP022433.1/3131966-3132147	train
0086|MTKC01000003.1/3011352-3011135	1958|CP010519.1/8313221-8313402	train
0086|MTKC01000003.1/3011352-3011135	2455|AGBF01000002.1/100645-100459	train
0086|MTKC01000003.1/3011352-3011135	1613|CM002285.1/3834159-3834339	train
3558|MZGT01000095.1/5791-5660	1690|CM001240.1/4938156-4938288	validation
3558|MZGT01000095.1/5791-5660	1319|CBXI010000040.1/239792-239662	validation
3558|MZGT01000095.1/5791-5660	3558|MZGT01000095.1/5791-5660	validation
3558|MZGT01000095.1/5791-5660	3841|CP000721.1/1710119-1709985	validation
3558|MZGT01000095.1/5791-5660	1715|CP000721.1/3440152-3440282	validation
3558|MZGT01000095.1/5791-5660	2652|ALXI01000124.1/42143-42012	validation
3558|MZGT01000095.1/5791-5660	3158|CM001240.1/4745315-4745448	validation
3558|MZGT01000095.1/5791-5660	3210|MZGT01000071.1/8312-8443	validation
3558|MZGT01000095.1/5791-5660	1271|CP000721.1/1710119-1709985	validation
3558|MZGT01000095.1/5791-5660	3844|CP000721.1/3440152-3440282	validation
0962|KI866526.1/806192-806056	0962|KI866526.1/806192-806056	validation
0962|KI866526.1/806192-806056	0568|FTNI01000009.1/20590-20728	validation
0174|MBTG01000031.1/64698-64510	3351|LMSD01000016.1/52260-52067	validation
0174|MBTG01000031.1/64698-64510	0196|MLYR01000030.1/16115-15934	validation
0174|MBTG01000031.1/64698-64510	0174|MBTG01000031.1/64698-64510	validation
0174|MBTG01000031.1/64698-64510	0133|LMSP01000016.1/61763-61578	validation
0174|MBTG01000031.1/64698-64510	1583|LYPC01000024.1/13524-13717	validation
0081|BBIW01000019.1/51589-51343	0081|BBIW01000019.1/51589-51343	validation
1757|CP002901.1/1165693-1165559	1757|CP002901.1/1165693-1165559	train
0198|LDJB01000002.1/637142-637274	0198|LDJB01000002.1/637142-637274	train
3658|MAQX01000005.1/69646-69463	3658|MAQX01000005.1/69646-69463	train
3043|CP022463.1/403484-403290	2976|CP014518.1/647681-647489	train
3043|CP022463.1/403484-403290	2307|JTDL01000109.1/12087-12289	train
3043|CP022463.1/403484-403290	3043|CP022463.1/403484-403290	train
2865|AWUK01000023.1/8284-8417	2865|AWUK01000023.1/8284-8417	train
2197|CP002379.1/2218905-2219108	3179|LMSG01000001.1/396162-396363	validation
2197|CP002379.1/2218905-2219108	3038|AOFD01000015.1/75073-75277	validation
2197|CP002379.1/2218905-2219108	1077|CP001341.1/2323607-2323799	validation
2197|CP002379.1/2218905-2219108	2197|CP002379.1/2218905-2219108	validation
2197|CP002379.1/2218905-2219108	0889|FVZL01000002.1/431892-432061	validation
2197|CP002379.1/2218905-2219108	1695|BAEG01000092.1/3598-3768	validation
2197|CP002379.1/2218905-2219108	2404|LFQH01000051.1/2110-2309	validation
2197|CP002379.1/2218905-2219108	1611|ANPE02000259.1/2018-2212	validation
2197|CP002379.1/2218905-2219108	0872|CAQI01000041.1/62315-62115	validation
0620|LMSH01000001.1/88459-88642	3184|LFQH01000050.1/7269-7118	validation
0620|LMSH01000001.1/88459-88642	3025|CP001341.1/862824-862667	validation
0620|LMSH01000001.1/88459-88642	1436|LMSG01000004.1/80820-80996	validation
0620|LMSH01000001.1/88459-88642	3386|AOFD01000013.1/80264-80424	validation
0620|LMSH01000001.1/88459-88642	0620|LMSH01000001.1/88459-88642	validation
0620|LMSH01000001.1/88459-88642	1019|CAQI01000051.1/82728-82890	validation
0620|LMSH01000001.1/88459-88642	1727|FVZL01000014.1/76852-77015	validation
0620|LMSH01000001.1/88459-88642	1314|CP002379.1/733773-733612	validation
0461|CP016211.1/12889408-12889242	0461|CP016211.1/12889408-12889242	validation
2963|CP002547.1/1609551-1609417	2963|CP002547.1/1609551-1609417	train
2838|CP001983.1/3934935-3934794	1710|LILC01000013.1/203709-203568	validation
2838|CP001983.1/3934935-3934794	2230|LILC01000013.1/204068-203926	validation
2838|CP001983.1/3934935-3934794	2672|MPHG01000259.1/26068-26212	validation
2838|CP001983.1/3934935-3934794	2838|CP001983.1/3934935-3934794	validation
2838|CP001983.1/3934935-3934794	2347|CP011974.1/1128337-1128195	validation
2838|CP001983.1/3934935-3934794	1655|LQYN01000045.1/4120-3975	validation
0338|BBIW01000004.1/228754-228931	0338|BBIW01000004.1/228754-228931	train
3224|LMSR01000014.1/398085-398250	2554|LMGG01000004.1/201387-201563	validation
3224|LMSR01000014.1/398085-398250	3224|LMSR01000014.1/398085-398250	validation
2851|CP000475.1/195285-195458	1924|FNKH01000001.1/41818-41645	train
2851|CP000475.1/195285-195458	1893|AVPD02000005.1/21500-21698	train
2851|CP000475.1/195285-195458	2851|CP000475.1/195285-195458	train
0569|MEMZ01000051.1/5110-4970	0569|MEMZ01000051.1/5110-4970	validation
3914|AP008230.1/4597555-4597682	2671|AP008230.1/4597555-4597682	train
3914|AP008230.1/4597555-4597682	3914|AP008230.1/4597555-4597682	train
3537|FTNI01000003.1/107277-107135	3537|FTNI01000003.1/107277-107135	train
3537|FTNI01000003.1/107277-107135	3149|MKJY01000023.1/21315-21448	train
3537|FTNI01000003.1/107277-107135	0545|MKJY01000561.1/1325-1473	train
3537|FTNI01000003.1/107277-107135	3704|FOVH01000003.1/613106-612971	train
3230|CP000509.1/1318708-1318855	3230|CP000509.1/1318708-1318855	train
3230|CP000509.1/1318708-1318855	0708|BDJG01000022.1/125956-125795	train
2577|FMJL01000011.1/6188-6312	2577|FMJL01000011.1/6188-6312	train
3874|CP000232.1/2197504-2197633	0076|CP000232.1/2197504-2197633	train
3874|CP000232.1/2197504-2197633	3874|CP000232.1/2197504-2197633	train
1067|CP001727.1/1116296-1116152	1067|CP001727.1/1116296-1116152	validation
0540|CYSP01000009.1/140626-140751	0540|CYSP01000009.1/140626-140751	validation
0540|CYSP01000009.1/140626-140751	2572|LSGP01000013.1/160677-160804	validation
3751|HG764817.1/1315548-1315676	3751|HG764817.1/1315548-1315676	train
3580|LMRV01000088.1/29717-29586	3580|LMRV01000088.1/29717-29586	train
1579|CP002629.1/1476953-1477091	1579|CP002629.1/1476953-1477091	validation
1433|CP004354.1/841847-841678	1433|CP004354.1/841847-841678	train
1433|CP004354.1/841847-841678	0202|BA000035.2/944145-943971	train
1433|CP004354.1/841847-841678	3870|BA000035.2/944145-943971	train
0690|CP000750.2/2709877-2709708	0690|CP000750.2/2709877-2709708	validation
2757|MKSH01000006.1/35652-35796	0230|MKSH01000276.1/23700-23555	train
2757|MKSH01000006.1/35652-35796	0147|MNJO01000117.1/1839-1698	train
2757|MKSH01000006.1/35652-35796	2757|MKSH01000006.1/35652-35796	train
1054|CP002736.1/1378606-1378454	1054|CP002736.1/1378606-1378454	train
0378|AHKH01000141.1/23343-23474	2812|BALG01000185.1/156595-156726	train
0378|AHKH01000141.1/23343-23474	0378|AHKH01000141.1/23343-23474	train
0167|MBLO01000262.1/16063-15838	0167|MBLO01000262.1/16063-15838	validation
0827|ALWX01000002.1/1121-936	1368|LMRZ01000001.1/474784-474599	train
0827|ALWX01000002.1/1121-936	0827|ALWX01000002.1/1121-936	train
0288|JTCM01000002.1/1199502-1199362	1406|CM001633.1/4660951-4660810	train
0288|JTCM01000002.1/1199502-1199362	1437|BA000019.2/3675547-3675330	train
0288|JTCM01000002.1/1199502-1199362	0288|JTCM01000002.1/1199502-1199362	train
0288|JTCM01000002.1/1199502-1199362	2589|JXCA01000012.1/213609-213733	train
0288|JTCM01000002.1/1199502-1199362	2665|KQ976354.1/2136703-2136903	train
0288|JTCM01000002.1/1199502-1199362	2843|JTCM01000011.1/635058-635234	train
2119|KV837527.1/67582-67432	2119|KV837527.1/67582-67432	validation
1361|AEDD01000008.1/8964-9170	1361|AEDD01000008.1/8964-9170	train
1725|CP009248.1/2112342-2112417	1725|CP009248.1/2112342-2112417	train
3566|LLZH01000246.1/34165-34312	3566|LLZH01000246.1/34165-34312	train
2426|JRUN01000038.1/17631-17778	1676|CP005586.1/3288194-3287984	train
2426|JRUN01000038.1/17631-17778	2426|JRUN01000038.1/17631-17778	train
2426|JRUN01000038.1/17631-17778	1413|FXWM01000002.1/363822-363681	train
2426|JRUN01000038.1/17631-17778	0424|LSKU01000001.1/2093279-2093421	train
0936|FP929048.1/1009454-1009297	0433|JH601090.1/948790-948633	validation
0936|FP929048.1/1009454-1009297	0936|FP929048.1/1009454-1009297	validation
3312|FZNO01000018.1/6973-7128	3312|FZNO01000018.1/6973-7128	validation
3214|LATL02000199.1/570-737	0453|CP003630.1/6914758-6914945	train
3214|LATL02000199.1/570-737	2334|JJML01000009.1/113767-113591	train
3214|LATL02000199.1/570-737	3214|LATL02000199.1/570-737	train
3214|LATL02000199.1/570-737	2385|MRCE01000006.1/208997-209151	train
3214|LATL02000199.1/570-737	3029|AP017367.1/3619192-3619406	train
3214|LATL02000199.1/570-737	0650|LATL02000060.1/3919-4086	train
3214|LATL02000199.1/570-737	3675|AP011615.1/3690048-3690209	train
1683|CP002028.1/2210105-2209956	1683|CP002028.1/2210105-2209956	train
2849|CP002901.1/2743401-2743533	2849|CP002901.1/2743401-2743533	validation
3776|MHBF01000035.1/275-440	3776|MHBF01000035.1/275-440	train
2995|CP012342.1/303247-303446	2995|CP012342.1/303247-303446	train
1908|FQXJ01000012.1/28523-28394	0320|JYNH01000168.1/3678-3801	validation
1908|FQXJ01000012.1/28523-28394	2873|LADV01000181.1/25815-25942	validation
1908|FQXJ01000012.1/28523-28394	2783|CP003108.1/515374-515245	validation
1908|FQXJ01000012.1/28523-28394	0653|LOEW01000234.1/4651-4524	validation
1908|FQXJ01000012.1/28523-28394	1908|FQXJ01000012.1/28523-28394	validation
1908|FQXJ01000012.1/28523-28394	3544|CM001441.1/489585-489458	validation
1718|CP004078.1/102194-102053	2981|LSFN01000019.1/15876-15736	train
1718|CP004078.1/102194-102053	1718|CP004078.1/102194-102053	train
1718|CP004078.1/102194-102053	3388|CP009286.1/151523-151383	train
0193|CP001343.1/38358-38572	0193|CP001343.1/38358-38572	validation
3487|MQVS01000007.1/127275-127449	3487|MQVS01000007.1/127275-127449	train
1030|CP021434.1/339018-338869	1030|CP021434.1/339018-338869	validation
2263|ALVY01000163.1/15547-15682	2263|ALVY01000163.1/15547-15682	train
0895|CP001727.1/777895-778027	0748|AURB01000190.1/20719-20596	train
0895|CP001727.1/777895-778027	0895|CP001727.1/777895-778027	train
0895|CP001727.1/777895-778027	3220|AKZN01000008.1/76309-76437	train
3535|LDPO01000001.1/572943-573119	2150|LASW02000009.1/93458-93644	train
3535|LDPO01000001.1/572943-573119	3535|LDPO01000001.1/572943-573119	train
3535|LDPO01000001.1/572943-573119	0229|LQPX01000002.1/98748-98532	train
3535|LDPO01000001.1/572943-573119	1448|LQPG01000020.1/66949-66734	train
2582|LDCM01000005.1/200472-200285	0722|CP008889.1/1634799-1634984	train
2582|LDCM01000005.1/200472-200285	2582|LDCM01000005.1/200472-200285	train
2443|CP002780.1/1665227-1665357	2443|CP002780.1/1665227-1665357	validation
0786|ACVI01000015.1/68061-68194	3425|LWAE01000009.1/158735-158862	train
0786|ACVI01000015.1/68061-68194	0610|AE008691.1/1020677-1020804	train
0786|ACVI01000015.1/68061-68194	0786|ACVI01000015.1/68061-68194	train
0786|ACVI01000015.1/68061-68194	1913|MZGV01000048.1/9110-9237	train
0786|ACVI01000015.1/68061-68194	3896|AE008691.1/1020677-1020802	train
0786|ACVI01000015.1/68061-68194	3040|KE993508.1/197452-197578	train
2195|CP015440.1/35487-35626	0245|CP015436.1/3040756-3040899	train
2195|CP015440.1/35487-35626	2195|CP015440.1/35487-35626	train
1523|MNGI01000011.1/12721-12851	1523|MNGI01000011.1/12721-12851	train
1500|LT629758.1/7093252-7093384	1500|LT629758.1/7093252-7093384	train
1500|LT629758.1/7093252-7093384	0977|JRTT01000004.1/50601-50736	train
1500|LT629758.1/7093252-7093384	3142|AP012319.1/424782-424648	train
0815|LZFO01000024.1/33510-33636	1159|FUYD01000001.1/111354-111483	validation
0815|LZFO01000024.1/33510-33636	0815|LZFO01000024.1/33510-33636	validation
3570|CP018135.1/1323693-1323505	3570|CP018135.1/1323693-1323505	validation
3209|MRTH01000038.1/33362-33220	0412|FPIU01000004.1/2970-3112	train
3209|MRTH01000038.1/33362-33220	0158|LMSP01000028.1/7304-7463	train
3209|MRTH01000038.1/33362-33220	3209|MRTH01000038.1/33362-33220	train
3209|MRTH01000038.1/33362-33220	3652|NHRJ01000003.1/317233-317372	train
3209|MRTH01000038.1/33362-33220	0041|CP003235.1/6900061-6899923	train
3209|MRTH01000038.1/33362-33220	1600|LMSD01000030.1/6601-6762	train
3209|MRTH01000038.1/33362-33220	1083|LYPC01000016.1/188180-188019	train
3209|MRTH01000038.1/33362-33220	1163|MBTG01000038.1/7268-7418	train
2057|BDDR01000014.1/7603-7757	2057|BDDR01000014.1/7603-7757	train
1553|CP001037.1/1615140-1615029	0159|CP003943.1/3033923-3034039	validation
1553|CP001037.1/1615140-1615029	0104|MRCD01000116.1/4038-3907	validation
1553|CP001037.1/1615140-1615029	0040|ACYB01000029.1/94479-94615	validation
1553|CP001037.1/1615140-1615029	1553|CP001037.1/1615140-1615029	validation
1553|CP001037.1/1615140-1615029	0304|CP002059.1/4675308-4675422	validation
0192|JTDJ01000178.1/29832-29675	0192|JTDJ01000178.1/29832-29675	train
2901|CP001867.1/2953722-2953540	2901|CP001867.1/2953722-2953540	train
0868|CP007790.1/638638-638448	3401|CP011541.1/741314-741148	validation
0868|CP007790.1/638638-638448	1309|CP003924.1/802320-802131	validation
0868|CP007790.1/638638-638448	3719|CP001821.1/3160948-3160801	validation
0868|CP007790.1/638638-638448	0059|CP005286.1/636899-636713	validation
0868|CP007790.1/638638-638448	0868|CP007790.1/638638-638448	validation
0868|CP007790.1/638638-638448	1587|CP011545.1/703752-703574	validation
0868|CP007790.1/638638-638448	1819|CP003697.1/869534-869356	validation
0868|CP007790.1/638638-638448	2134|FXAR01000007.1/141654-141845	validation
0817|AWQS01000005.1/9639-9474	0817|AWQS01000005.1/9639-9474	validation
3749|FO117623.1/2792298-2792450	3749|FO117623.1/2792298-2792450	train
1387|LLEU01000052.1/24803-24648	1387|LLEU01000052.1/24803-24648	validation
2286|MIDC01000005.1/64314-64446	3306|JPME01000042.1/42891-43019	train
2286|MIDC01000005.1/64314-64446	2286|MIDC01000005.1/64314-64446	train
2286|MIDC01000005.1/64314-64446	2370|MICT01000041.1/6646-6525	train
1316|MGNZ01000063.1/20-156	1316|MGNZ01000063.1/20-156	train
1148|JYJF01000032.1/17042-17242	0216|LJGV01000022.1/5235388-5235596	train
1148|JYJF01000032.1/17042-17242	0912|KK853997.1/1839154-1839323	train
1148|JYJF01000032.1/17042-17242	1048|FOAZ01000005.1/69055-69217	train
1148|JYJF01000032.1/17042-17242	1130|JRTT01000011.1/83697-83868	train
1148|JYJF01000032.1/17042-17242	1190|JZWY01000640.1/5792-5959	train
1148|JYJF01000032.1/17042-17242	1148|JYJF01000032.1/17042-17242	train
1148|JYJF01000032.1/17042-17242	0632|AP010968.1/1909554-1909723	train
1148|JYJF01000032.1/17042-17242	1699|LWLA01000017.1/105174-105016	train
1148|JYJF01000032.1/17042-17242	1388|LMHX01000003.1/16721-16925	train
1148|JYJF01000032.1/17042-17242	2030|AXCZ01000219.1/442-245	train
0494|GG695986.1/35246-35078	0541|KN125580.1/3743587-3743412	train
0494|GG695986.1/35246-35078	0494|GG695986.1/35246-35078	train
0016|MAQW01000008.1/18276-18139	0098|LAZU01000035.1/18748-18610	train
0016|MAQW01000008.1/18276-18139	1326|LN831776.1/103229-103092	train
0016|MAQW01000008.1/18276-18139	1032|LN831776.1/102220-102078	train
0016|MAQW01000008.1/18276-18139	3639|MRTP01000026.1/18534-18397	train
0016|MAQW01000008.1/18276-18139	1746|JUEI01000053.1/18602-18464	train
0016|MAQW01000008.1/18276-18139	2236|CP004078.1/101223-101081	train
0016|MAQW01000008.1/18276-18139	0163|JRNV01000062.1/7969-8108	train
0016|MAQW01000008.1/18276-18139	0684|LVJI01000004.1/29759-29897	train
0016|MAQW01000008.1/18276-18139	1184|CP009286.1/150533-150393	train
0016|MAQW01000008.1/18276-18139	0015|KN125580.1/34974-35115	train
0016|MAQW01000008.1/18276-18139	2317|CP009241.1/103355-103213	train
0016|MAQW01000008.1/18276-18139	3044|CP010976.1/4978630-4978492	train
0016|MAQW01000008.1/18276-18139	0016|MAQW01000008.1/18276-18139	train
0016|MAQW01000008.1/18276-18139	3279|CP009282.1/102319-102176	train
0016|MAQW01000008.1/18276-18139	2154|CP009279.1/122851-122710	train
0016|MAQW01000008.1/18276-18139	0717|CP009241.1/104365-104227	train
0016|MAQW01000008.1/18276-18139	2875|CP009284.1/101569-101425	train
0016|MAQW01000008.1/18276-18139	0309|JQCR01000002.1/1916258-1916396	train
0016|MAQW01000008.1/18276-18139	3581|CP009282.1/103331-103193	train
0016|MAQW01000008.1/18276-18139	1853|LT840184.1/6210501-6210639	train
0016|MAQW01000008.1/18276-18139	2029|JUEI01000053.1/17590-17447	train
0016|MAQW01000008.1/18276-18139	1228|CP009284.1/102589-102451	train
0016|MAQW01000008.1/18276-18139	2816|CP014167.1/4061934-4062072	train
0016|MAQW01000008.1/18276-18139	0901|CP009279.1/123831-123693	train
0016|MAQW01000008.1/18276-18139	2897|CP013023.1/755824-755686	train
3721|LZIG01000299.1/86376-86212	2200|CP006850.1/8248069-8247906	train
3721|LZIG01000299.1/86376-86212	3721|LZIG01000299.1/86376-86212	train
1739|CP009922.2/3201320-3201471	2278|CP009438.1/3695087-3694931	train
1739|CP009922.2/3201320-3201471	0909|JYJH01000057.1/19650-19494	train
1739|CP009922.2/3201320-3201471	0908|NGFN01000383.1/4062-3906	train
1739|CP009922.2/3201320-3201471	3760|JTIY01000001.1/2005470-2005315	train
1739|CP009922.2/3201320-3201471	2970|KN039947.1/2759524-2759369	train
1739|CP009922.2/3201320-3201471	1305|LFXA01000018.1/401903-402052	train
1739|CP009922.2/3201320-3201471	1739|CP009922.2/3201320-3201471	train
1739|CP009922.2/3201320-3201471	1541|FLSP01000083.1/28735-28892	train
1739|CP009922.2/3201320-3201471	1573|GG657757.1/4183355-4183199	train
1739|CP009922.2/3201320-3201471	2714|GG657758.1/4278152-4278310	train
1739|CP009922.2/3201320-3201471	3710|KE354060.1/13054-13210	train
1739|CP009922.2/3201320-3201471	3391|CM002280.1/4809441-4809595	train
0655|AE001437.1/1374236-1374371	3860|AE001437.1/1374236-1374371	train
0655|AE001437.1/1374236-1374371	0655|AE001437.1/1374236-1374371	train
0368|MKRK01000004.1/647-779	0368|MKRK01000004.1/647-779	train
1859|CP001738.1/5079159-5079383	2351|MWQN01000001.1/3095427-3095290	validation
1859|CP001738.1/5079159-5079383	1859|CP001738.1/5079159-5079383	validation
3243|CP002198.1/1496044-1496199	3243|CP002198.1/1496044-1496199	train
2217|MKST01000005.1/140552-140407	2217|MKST01000005.1/140552-140407	validation
2536|KQ058818.1/5400-5263	1383|CP002162.1/116853-116987	validation
2536|KQ058818.1/5400-5263	1482|FMHV01000002.1/990436-990571	validation
2536|KQ058818.1/5400-5263	1726|LT594324.1/5455511-5455648	validation
2536|KQ058818.1/5400-5263	2536|KQ058818.1/5400-5263	validation
2536|KQ058818.1/5400-5263	1907|JXSX01000001.1/443358-443498	validation
2536|KQ058818.1/5400-5263	1964|LT598496.1/4730913-4730774	validation
2536|KQ058818.1/5400-5263	3081|GG657738.1/3602105-3602245	validation
2536|KQ058818.1/5400-5263	0046|LRQV01000155.1/11666-11806	validation
0831|LKIU01000005.1/1457979-1458152	2462|CP002379.1/869941-870138	validation
0831|LKIU01000005.1/1457979-1458152	0831|LKIU01000005.1/1457979-1458152	validation
0831|LKIU01000005.1/1457979-1458152	0188|ANPE02000099.1/8712-8905	validation
2636|FZPH01000010.1/243333-243466	2636|FZPH01000010.1/243333-243466	validation
2204|LJCO01000096.1/197991-198152	2204|LJCO01000096.1/197991-198152	train
2157|CP003235.1/5632857-5632708	2157|CP003235.1/5632857-5632708	validation
0995|LAKY01000032.1/100014-100151	0995|LAKY01000032.1/100014-100151	validation
0995|LAKY01000032.1/100014-100151	3361|LADO01000033.1/27336-27176	validation
0448|BDDR01000007.1/41649-41478	0448|BDDR01000007.1/41649-41478	validation
0182|CP002780.1/866803-866648	0182|CP002780.1/866803-866648	train
0182|CP002780.1/866803-866648	1979|CP019698.1/2862679-2862837	train
3730|CP014518.1/1128299-1128488	2082|FNKH01000002.1/1033636-1033842	validation
3730|CP014518.1/1128299-1128488	2617|FNSN01000003.1/3207534-3207374	validation
3730|CP014518.1/1128299-1128488	2787|LKIU01000004.1/66917-67104	validation
3730|CP014518.1/1128299-1128488	1808|JTDL01000091.1/42605-42777	validation
3730|CP014518.1/1128299-1128488	3730|CP014518.1/1128299-1128488	validation
3730|CP014518.1/1128299-1128488	3404|CP022463.1/599940-600117	validation
3730|CP014518.1/1128299-1128488	3281|LMLU01000005.1/44972-45156	validation
3730|CP014518.1/1128299-1128488	0829|NFSD01000034.1/562328-562177	validation
3730|CP014518.1/1128299-1128488	3047|LGIU01000033.1/157568-157416	validation
3730|CP014518.1/1128299-1128488	3542|LMSO01000012.1/26259-26416	validation
3084|JPMX01000040.1/7715-7560	3084|JPMX01000040.1/7715-7560	train
2977|ABCF01000106.1/7445-7353	2977|ABCF01000106.1/7445-7353	train
0865|CP002131.1/225246-225417	0611|CP003184.1/949277-949400	validation
0865|CP002131.1/225246-225417	3906|CP000923.1/2119184-2119053	validation
0865|CP002131.1/225246-225417	1321|LOED01000054.1/4457-4283	validation
0865|CP002131.1/225246-225417	2512|CP000924.1/1465892-1465761	validation
0865|CP002131.1/225246-225417	0865|CP002131.1/225246-225417	validation
0865|CP002131.1/225246-225417	1294|CP002131.1/607990-608162	validation
0865|CP002131.1/225246-225417	2224|LOED01000003.1/67891-68058	validation
0260|MGOS01000085.1/60069-60204	3080|JMFY01000017.1/111500-111647	validation
0260|MGOS01000085.1/60069-60204	0882|CP017603.1/1020430-1020563	validation
0260|MGOS01000085.1/60069-60204	1810|LKET01000068.1/138613-138464	validation
0260|MGOS01000085.1/60069-60204	0260|MGOS01000085.1/60069-60204	validation
0260|MGOS01000085.1/60069-60204	2282|CP009687.1/4046656-4046789	validation
1947|MICM01000660.1/861-711	1947|MICM01000660.1/861-711	train
1947|MICM01000660.1/861-711	3612|MGQI01000057.1/5221-5361	train
1947|MICM01000660.1/861-711	0061|MGTH01000182.1/17621-17780	train
1842|LPVJ01000031.1/59518-59640	1842|LPVJ01000031.1/59518-59640	train
1842|LPVJ01000031.1/59518-59640	3298|AURB01000074.1/10050-9922	train
3797|NFSD01000027.1/125511-125306	3557|LGIU01000082.1/12625-12835	validation
3797|NFSD01000027.1/125511-125306	3797|NFSD01000027.1/125511-125306	validation
3797|NFSD01000027.1/125511-125306	0601|LMLU01000010.1/32733-32938	validation
3421|LAZU01000022.1/89044-89211	3256|MSZX01000003.1/166960-166811	train
3421|LAZU01000022.1/89044-89211	2518|KN125580.1/1624667-1624832	train
3421|LAZU01000022.1/89044-89211	3252|LGUG01000004.1/440140-440296	train
3421|LAZU01000022.1/89044-89211	1860|LT840184.1/130004-129837	train
3421|LAZU01000022.1/89044-89211	3421|LAZU01000022.1/89044-89211	train
3421|LAZU01000022.1/89044-89211	2375|MRTH01000033.1/43098-42900	train
3421|LAZU01000022.1/89044-89211	1563|CP014140.1/1282982-1283139	train
3421|LAZU01000022.1/89044-89211	1073|CP001793.1/525089-525257	train
3296|LSGP01000006.1/100994-101128	3296|LSGP01000006.1/100994-101128	train
2460|JANY01000001.1/233442-233219	2460|JANY01000001.1/233442-233219	train
1689|CP001686.1/1583527-1583709	1972|MKKB01000222.1/28736-28897	train
1689|CP001686.1/1583527-1583709	3485|LWPN01000337.1/2064-2225	train
1689|CP001686.1/1583527-1583709	1689|CP001686.1/1583527-1583709	train
1622|CP001785.1/1614497-1614333	1622|CP001785.1/1614497-1614333	train
1827|LGTO01000002.1/318841-318997	1827|LGTO01000002.1/318841-318997	train
1168|LADO01000049.1/12922-13067	3466|LYVF01000118.1/15663-15462	train
1168|LADO01000049.1/12922-13067	2419|LADN01000049.1/17723-17575	train
1168|LADO01000049.1/12922-13067	1168|LADO01000049.1/12922-13067	train
0516|CP014140.1/1015735-1015586	0516|CP014140.1/1015735-1015586	train
0516|CP014140.1/1015735-1015586	3169|LGUG01000004.1/1080210-1080070	train
0177|LGGF01000020.1/32329-32483	0177|LGGF01000020.1/32329-32483	train
3408|LPVJ01000037.1/39727-39859	3408|LPVJ01000037.1/39727-39859	train
1974|AP012319.1/5300853-5300707	1974|AP012319.1/5300853-5300707	train
1412|KK853997.1/2883666-2883511	2308|MWQN01000001.1/2989002-2989223	train
1412|KK853997.1/2883666-2883511	1412|KK853997.1/2883666-2883511	train
1412|KK853997.1/2883666-2883511	1091|LMHX01000045.1/52834-53022	train
1412|KK853997.1/2883666-2883511	2006|JXZB01000004.1/954862-954707	train
1412|KK853997.1/2883666-2883511	1816|AP010968.1/2934041-2933889	train
3019|CGIH01000020.1/32132-32266	3019|CGIH01000020.1/32132-32266	validation
2741|MBLO01000262.1/14378-14220	0084|MOMC01000035.1/63307-63485	train
2741|MBLO01000262.1/14378-14220	2899|MBLN01000025.1/68081-68258	train
2741|MBLO01000262.1/14378-14220	2741|MBLO01000262.1/14378-14220	train
2177|BALG01000038.1/26299-26445	3091|JXAK01000032.1/66604-66441	train
2177|BALG01000038.1/26299-26445	0624|AHKH01000031.1/4064-4210	train
2177|BALG01000038.1/26299-26445	2177|BALG01000038.1/26299-26445	train
1043|KE951670.1/4690-4852	1043|KE951670.1/4690-4852	train
1043|KE951670.1/4690-4852	3045|AFUR01000007.1/120927-120765	train
0527|LJJB01000015.1/86951-86794	0527|LJJB01000015.1/86951-86794	train
0070|ANBM01000004.1/88023-87859	1477|JSCE01000146.1/1067-903	validation
0070|ANBM01000004.1/88023-87859	0070|ANBM01000004.1/88023-87859	validation
0092|FQVN01000001.1/1167706-1167545	0092|FQVN01000001.1/1167706-1167545	train
0092|FQVN01000001.1/1167706-1167545	3433|AM420293.1/627193-627035	train
2748|MNJN01000289.1/9185-9026	2748|MNJN01000289.1/9185-9026	train
2720|LVJI01000016.1/155632-155816	2720|LVJI01000016.1/155632-155816	train
2720|LVJI01000016.1/155632-155816	3071|LSFN01000035.1/47943-47759	train
0893|LLZK01000200.1/124271-124464	3436|ANSJ01000244.1/8421-8585	validation
0893|LLZK01000200.1/124271-124464	0893|LLZK01000200.1/124271-124464	validation
1934|ADGX01000037.1/68085-68332	0857|ADGX01000075.1/239-485	train
1934|ADGX01000037.1/68085-68332	1934|ADGX01000037.1/68085-68332	train
0858|LZYV01000089.1/68080-68216	0858|LZYV01000089.1/68080-68216	validation
0170|FRCS01000012.1/161589-161452	0170|FRCS01000012.1/161589-161452	train
1046|CP002901.1/3015457-3015314	1046|CP002901.1/3015457-3015314	train
1042|MHGQ01000044.1/15410-15547	1042|MHGQ01000044.1/15410-15547	train
3811|AL939120.1/174742-174619	3811|AL939120.1/174742-174619	train
2176|JXAK01000075.1/16878-16719	0959|MELW01000011.1/5866-5713	validation
2176|JXAK01000075.1/16878-16719	2176|JXAK01000075.1/16878-16719	validation
2666|KV837527.1/67401-67250	2561|KV837527.1/67169-67021	train
2666|KV837527.1/67401-67250	2666|KV837527.1/67401-67250	train
1565|MOLR01000013.1/104443-104264	3387|AOCK01000008.1/52809-52988	validation
1565|MOLR01000013.1/104443-104264	2003|FUHW01000019.1/45826-45635	validation
1565|MOLR01000013.1/104443-104264	0821|MOLR01000004.1/646804-646981	validation
1565|MOLR01000013.1/104443-104264	2599|CP002666.1/808900-809096	validation
1565|MOLR01000013.1/104443-104264	1565|MOLR01000013.1/104443-104264	validation
1565|MOLR01000013.1/104443-104264	0778|CP022462.1/3695286-3695125	validation
3448|LRVM01000010.1/30049-30179	3663|JPVQ01000042.1/16245-16373	train
3448|LRVM01000010.1/30049-30179	3448|LRVM01000010.1/30049-30179	train
1261|KI632511.1/32512-32666	2784|CP001700.1/2145625-2145473	train
1261|KI632511.1/32512-32666	1261|KI632511.1/32512-32666	train
1261|KI632511.1/32512-32666	2679|KI632511.1/8979534-8979685	train
1261|KI632511.1/32512-32666	1096|CP001738.1/1558156-1558277	train
0679|MOMC01000057.1/19687-19507	2446|CP002299.1/8198304-8198475	train
0679|MOMC01000057.1/19687-19507	2588|MBLN01000001.1/85581-85400	train
0679|MOMC01000057.1/19687-19507	3582|MBLO01000269.1/20775-20594	train
0679|MOMC01000057.1/19687-19507	0679|MOMC01000057.1/19687-19507	train
0408|LJUA01000020.1/6680-6810	0408|LJUA01000020.1/6680-6810	train
0408|LJUA01000020.1/6680-6810	3515|LJTZ01000032.1/3694-3564	train
0377|CP017269.1/1050350-1050223	1432|CP017269.1/1069469-1069344	validation
0377|CP017269.1/1050350-1050223	0377|CP017269.1/1050350-1050223	validation
0377|CP017269.1/1050350-1050223	3258|FUZT01000005.1/104655-104531	validation
2638|CP000474.1/834532-834348	3659|CP022436.1/894371-894184	train
2638|CP000474.1/834532-834348	0547|LMSB01000034.1/90435-90597	train
2638|CP000474.1/834532-834348	1812|BAEG01000047.1/82003-82166	train
2638|CP000474.1/834532-834348	1703|CP000454.1/696522-696338	train
2638|CP000474.1/834532-834348	1525|FUZD01000005.1/128489-128332	train
2638|CP000474.1/834532-834348	0239|AP014719.1/1920520-1920715	train
2638|CP000474.1/834532-834348	2295|LMLR01000010.1/80346-80531	train
2638|CP000474.1/834532-834348	2638|CP000474.1/834532-834348	train
2638|CP000474.1/834532-834348	2075|AVPD02000414.1/82-235	train
3587|LYVF01000022.1/6859-7021	2076|CP002770.1/1207507-1207683	train
3587|LYVF01000022.1/6859-7021	2394|CELZ01000050.1/13016-13160	train
3587|LYVF01000022.1/6859-7021	3587|LYVF01000022.1/6859-7021	train
3587|LYVF01000022.1/6859-7021	3766|FQUW01000042.1/1396-1561	train
3587|LYVF01000022.1/6859-7021	2090|LADN01000094.1/625-754	train
2500|CP003119.1/4535297-4535470	1039|FNDN01000001.1/561328-561543	train
2500|CP003119.1/4535297-4535470	2793|APMY01000022.1/11030-11244	train
2500|CP003119.1/4535297-4535470	2500|CP003119.1/4535297-4535470	train
2500|CP003119.1/4535297-4535470	3416|CP000431.1/7516743-7516956	train
2500|CP003119.1/4535297-4535470	0280|CP000431.1/5241690-5241477	train
0186|CP001785.1/1413032-1412893	0384|CELZ01000036.1/13337-13120	validation
0186|CP001785.1/1413032-1412893	1061|CP001785.1/672805-672658	validation
0186|CP001785.1/1413032-1412893	3069|CP002017.1/1971261-1971128	validation
0186|CP001785.1/1413032-1412893	0186|CP001785.1/1413032-1412893	validation
0186|CP001785.1/1413032-1412893	0929|LT838272.1/227309-227454	validation
0186|CP001785.1/1413032-1412893	1086|CP000860.1/1122618-1122759	validation
0186|CP001785.1/1413032-1412893	3909|AE008691.1/927258-927390	validation
0186|CP001785.1/1413032-1412893	1105|AE008691.1/927258-927392	validation
3586|LWDV01000010.1/662137-661945	3586|LWDV01000010.1/662137-661945	validation
3138|LJUA01000036.1/7150-7013	1786|LIZQ01000071.1/1800-1937	train
3138|LJUA01000036.1/7150-7013	2163|LJTZ01000052.1/26-157	train
3138|LJUA01000036.1/7150-7013	3138|LJUA01000036.1/7150-7013	train
3138|LJUA01000036.1/7150-7013	2326|LIZQ01000090.1/5581-5712	train
3138|LJUA01000036.1/7150-7013	1933|LIZQ01000139.1/4005-4140	train
2731|MKST01000005.1/90698-90552	2731|MKST01000005.1/90698-90552	train
0800|AEKG01000324.1/10669-10520	0800|AEKG01000324.1/10669-10520	train
2416|CP001706.1/2182209-2182022	2416|CP001706.1/2182209-2182022	train
3373|AFGF01000081.1/51702-51832	3373|AFGF01000081.1/51702-51832	train
2773|MSZX01000007.1/172551-172396	3432|MRTP01000001.1/492754-492591	train
2773|MSZX01000007.1/172551-172396	2773|MSZX01000007.1/172551-172396	train
2773|MSZX01000007.1/172551-172396	2226|JRNV01000037.1/9191-9353	train
2773|MSZX01000007.1/172551-172396	0766|GG695972.1/72977-73157	train
2773|MSZX01000007.1/172551-172396	3251|DS545903.1/8883-9046	train
2058|MHFX01000014.1/340370-340226	2058|MHFX01000014.1/340370-340226	train
3417|MKSH01000272.1/26367-26216	3417|MKSH01000272.1/26367-26216	train
3417|MKSH01000272.1/26367-26216	0067|MKSH01000052.1/19940-19783	train
1610|MKST01000002.1/125265-125411	1610|MKST01000002.1/125265-125411	train
0475|LSGP01000026.1/38970-39094	0475|LSGP01000026.1/38970-39094	train
0913|MBLM01000014.1/2692-2493	2886|MBLM01000014.1/10220-10020	train
0913|MBLM01000014.1/2692-2493	0913|MBLM01000014.1/2692-2493	train
0587|LDXQ01000081.1/2095-1952	0587|LDXQ01000081.1/2095-1952	train
3061|MDZE01000020.1/50773-50621	3061|MDZE01000020.1/50773-50621	train
0232|LMSD01000001.1/318217-318385	0232|LMSD01000001.1/318217-318385	train
1946|FUWM01000034.1/1807-1965	0080|LSBO01000057.1/4653-4808	validation
1946|FUWM01000034.1/1807-1965	1946|FUWM01000034.1/1807-1965	validation
0442|LKET01000068.1/150890-151016	0442|LKET01000068.1/150890-151016	train
3130|KE150421.1/2370612-2370464	3399|BASE01000023.1/25529-25670	train
3130|KE150421.1/2370612-2370464	3130|KE150421.1/2370612-2370464	train
3130|KE150421.1/2370612-2370464	2541|LATZ01000120.1/124533-124389	train
2839|LOHZ01000019.1/68452-68288	2839|LOHZ01000019.1/68452-68288	train
2039|CP003235.1/2931521-2931661	2624|CP003255.1/3520024-3519881	validation
2039|CP003235.1/2931521-2931661	2039|CP003235.1/2931521-2931661	validation
2039|CP003235.1/2931521-2931661	3799|FPIU01000011.1/61266-61404	validation
2042|CP007139.1/818967-819097	2042|CP007139.1/818967-819097	train
0750|MFKF01000114.1/6839-6979	0750|MFKF01000114.1/6839-6979	train
3551|FMJL01000042.1/19816-19673	3551|FMJL01000042.1/19816-19673	train
1918|MELL01000073.1/1192-1322	1918|MELL01000073.1/1192-1322	train
1458|MIDQ01000052.1/5796-5642	1837|ABOX02000027.1/53574-53728	train
1458|MIDQ01000052.1/5796-5642	1458|MIDQ01000052.1/5796-5642	train
3018|JNAD01000055.1/32740-32904	3018|JNAD01000055.1/32740-32904	validation
3018|JNAD01000055.1/32740-32904	1070|LMWG01002559.1/86466-86315	validation
0796|GL636934.1/1132038-1131875	0796|GL636934.1/1132038-1131875	validation
0141|CP002780.1/149358-149495	1672|CP002736.1/72868-72991	train
0141|CP002780.1/149358-149495	2336|CP000612.1/87012-87130	train
0141|CP002780.1/149358-149495	0141|CP002780.1/149358-149495	train
0141|CP002780.1/149358-149495	3839|CP000612.1/87012-87130	train
0141|CP002780.1/149358-149495	2052|FQUY01000012.1/63404-63534	train
3810|MGTS01000025.1/44193-44034	2318|MGUA01000023.1/4730-4889	validation
3810|MGTS01000025.1/44193-44034	3810|MGTS01000025.1/44193-44034	validation
1205|BA000035.2/2209111-2208936	0920|BA000036.3/2320796-2320608	validation
1205|BA000035.2/2209111-2208936	1205|BA000035.2/2209111-2208936	validation
2033|MNJO01000152.1/4627-4781	2033|MNJO01000152.1/4627-4781	train
2033|MNJO01000152.1/4627-4781	2957|MKSH01000010.1/21031-21184	train
2755|CP001686.1/375737-375890	2238|MKKB01000461.1/33578-33747	train
2755|CP001686.1/375737-375890	2755|CP001686.1/375737-375890	train
1242|CBXV010000008.1/395457-395323	1242|CBXV010000008.1/395457-395323	train
1065|LJCO01000096.1/202007-201867	1065|LJCO01000096.1/202007-201867	train
3662|JNVC02000015.1/148735-148599	1191|LQWY01000043.1/22940-22799	train
3662|JNVC02000015.1/148735-148599	0185|MSDU01000022.1/127855-127997	train
3662|JNVC02000015.1/148735-148599	3662|JNVC02000015.1/148735-148599	train
2431|LDPH01000001.1/295576-295431	2223|KQ758620.1/362224-362081	train
2431|LDPH01000001.1/295576-295431	3005|LFZW01000001.1/4173595-4173741	train
2431|LDPH01000001.1/295576-295431	2618|ASQA01000033.1/198310-198165	train
2431|LDPH01000001.1/295576-295431	1783|AJLS01000034.1/32146-32291	train
2431|LDPH01000001.1/295576-295431	0996|LJJC01000004.1/295802-295659	train
2431|LDPH01000001.1/295576-295431	2431|LDPH01000001.1/295576-295431	train
2431|LDPH01000001.1/295576-295431	1084|KB933398.1/724950-725101	train
2249|LMSD01000022.1/22940-22789	2079|LMSP01000031.1/5148-5300	validation
2249|LMSD01000022.1/22940-22789	1998|LYPC01000010.1/241965-242115	validation
2249|LMSD01000022.1/22940-22789	2249|LMSD01000022.1/22940-22789	validation
2249|LMSD01000022.1/22940-22789	0567|MBTG01000017.1/23763-23611	validation
3195|JXAL01000014.1/104412-104590	3195|JXAL01000014.1/104412-104590	validation
2855|CP002131.1/2122186-2122056	0477|FRAR01000040.1/6314-6445	train
2855|CP002131.1/2122186-2122056	2855|CP002131.1/2122186-2122056	train
2122|JNVC02000015.1/147790-147640	2122|JNVC02000015.1/147790-147640	validation
1829|MJEJ02000035.1/79444-79631	1829|MJEJ02000035.1/79444-79631	train
1621|CP000454.1/2626093-2625917	1621|CP000454.1/2626093-2625917	train
0251|MJGC01000010.1/123160-123316	0251|MJGC01000010.1/123160-123316	train
0020|LMSO01000008.1/264149-264338	0020|LMSO01000008.1/264149-264338	train
2083|CP005929.1/5073836-5073656	3353|CP006272.1/4125952-4126137	train
2083|CP005929.1/5073836-5073656	2083|CP005929.1/5073836-5073656	train
2083|CP005929.1/5073836-5073656	2480|FZNR01000003.1/142706-142521	train
0972|LT607753.1/903998-903827	0972|LT607753.1/903998-903827	train
0972|LT607753.1/903998-903827	2159|AP012319.1/4925488-4925313	train
3395|CP001867.1/2457868-2457995	3395|CP001867.1/2457868-2457995	train
1653|FZOD01000026.1/14200-14335	2240|BDCX01000020.1/123800-123665	train
1653|FZOD01000026.1/14200-14335	2979|BDCX01000021.1/22691-22555	train
1653|FZOD01000026.1/14200-14335	0740|CP001814.1/8069433-8069568	train
1653|FZOD01000026.1/14200-14335	1653|FZOD01000026.1/14200-14335	train
2471|FXAZ01000001.1/1404784-1404597	2471|FXAZ01000001.1/1404784-1404597	train
2928|JPMX01000034.1/4906-5004	2928|JPMX01000034.1/4906-5004	train
2270|BBUY01000001.1/262254-262143	2270|BBUY01000001.1/262254-262143	train
2242|MLBF01000069.1/2287-2426	2242|MLBF01000069.1/2287-2426	train
2242|MLBF01000069.1/2287-2426	1542|LADV01000089.1/3325-3186	train
2242|MLBF01000069.1/2287-2426	1562|JYNH01000037.1/8338-8199	train
2242|MLBF01000069.1/2287-2426	3295|JYNH01000103.1/6219-6080	train
1748|LBMD01000010.1/194813-194960	2321|LFEL01000004.1/376529-376681	train
1748|LBMD01000010.1/194813-194960	1748|LBMD01000010.1/194813-194960	train
0274|LZYV01000103.1/120237-120115	0218|LGVB01000015.1/2276886-2277003	validation
0274|LZYV01000103.1/120237-120115	0274|LZYV01000103.1/120237-120115	validation
0274|LZYV01000103.1/120237-120115	0329|AE001437.1/3232090-3232211	validation
0274|LZYV01000103.1/120237-120115	3879|AE001437.1/3232090-3232211	validation
2870|AP014815.1/2901009-2901162	2870|AP014815.1/2901009-2901162	train
2647|CP008852.1/2870162-2870027	0110|CTRP01000014.1/198352-198218	train
2647|CP008852.1/2870162-2870027	2148|FWXI01000023.1/45590-45725	train
2647|CP008852.1/2870162-2870027	2647|CP008852.1/2870162-2870027	train
1633|JZKH01000034.1/37596-37777	0782|LWLA01000034.1/500165-499988	validation
1633|JZKH01000034.1/37596-37777	0311|JPRF03000014.1/168405-168228	validation
1633|JZKH01000034.1/37596-37777	1633|JZKH01000034.1/37596-37777	validation
1633|JZKH01000034.1/37596-37777	1313|LIPD01000010.1/40203-40403	validation
0618|AE015927.1/2209149-2209011	3866|AE015927.1/2209149-2209011	validation
0618|AE015927.1/2209149-2209011	0618|AE015927.1/2209149-2209011	validation
2902|CP017717.1/10429413-10429263	0113|FOVH01000004.1/204481-204683	train
2902|CP017717.1/10429413-10429263	3469|FZOD01000069.1/42538-42381	train
2902|CP017717.1/10429413-10429263	2902|CP017717.1/10429413-10429263	train
2902|CP017717.1/10429413-10429263	1503|BDCX01000017.1/33394-33241	train
2902|CP017717.1/10429413-10429263	2055|CP001814.1/10096998-10097147	train
2338|LWAE01000002.1/210321-210190	2338|LWAE01000002.1/210321-210190	train
0683|CP002213.2/3046603-3046436	0683|CP002213.2/3046603-3046436	train
0210|JRNV01000035.1/46261-46435	0210|JRNV01000035.1/46261-46435	train
0210|JRNV01000035.1/46261-46435	1215|JNVM01000012.1/25416-25230	train
3192|FQVN01000003.1/755683-755528	3732|CP001778.1/4287332-4287483	train
3192|FQVN01000003.1/755683-755528	3192|FQVN01000003.1/755683-755528	train
2754|CP021121.1/3828593-3828740	3116|LZNS01000001.1/4979144-4979297	train
2754|CP021121.1/3828593-3828740	2754|CP021121.1/3828593-3828740	train
0668|LJVD01000071.1/5632-5804	0668|LJVD01000071.1/5632-5804	validation
3529|KI547045.1/55400-55546	3529|KI547045.1/55400-55546	train
3529|KI547045.1/55400-55546	2782|MBLN01000025.1/66384-66610	train
2600|CP002048.1/662569-662428	2600|CP002048.1/662569-662428	train
3601|AEDD01000002.1/464446-464273	3601|AEDD01000002.1/464446-464273	train
0342|CP000249.1/5215312-5215501	2924|CT573213.2/7256170-7256371	validation
0342|CP000249.1/5215312-5215501	0342|CP000249.1/5215312-5215501	validation
1274|FUYH01000016.1/7463-7590	1425|AZQP01000007.1/57661-57787	validation
1274|FUYH01000016.1/7463-7590	1274|FUYH01000016.1/7463-7590	validation
2429|LADO01000037.1/13257-13040	1502|CP003639.1/247807-247948	train
2429|LADO01000037.1/13257-13040	1766|CP002028.1/1866488-1866350	train
2429|LADO01000037.1/13257-13040	1802|AP009389.1/609959-610201	train
2429|LADO01000037.1/13257-13040	2429|LADO01000037.1/13257-13040	train
0332|JMIR01000031.1/67827-67661	0633|CP022657.1/679795-679953	validation
0332|JMIR01000031.1/67827-67661	0184|JMIR01000038.1/6740-6589	validation
0332|JMIR01000031.1/67827-67661	0332|JMIR01000031.1/67827-67661	validation
1830|BANU01000002.1/14385-14193	0009|BAFD01000039.1/225170-225385	train
1830|BANU01000002.1/14385-14193	2412|BAEE01000056.1/97238-97044	train
1830|BANU01000002.1/14385-14193	2866|BAHC01000037.1/20090-19907	train
1830|BANU01000002.1/14385-14193	3742|APHK02000141.1/28224-28427	train
1830|BANU01000002.1/14385-14193	2580|CP006850.1/757233-757074	train
1830|BANU01000002.1/14385-14193	2941|BAFC01000028.1/3993-4171	train
1830|BANU01000002.1/14385-14193	0941|KV411303.1/3078428-3078242	train
1830|BANU01000002.1/14385-14193	1392|FTNT01000010.1/41836-42022	train
1830|BANU01000002.1/14385-14193	2915|CP011853.1/823507-823321	train
1830|BANU01000002.1/14385-14193	1830|BANU01000002.1/14385-14193	train
1830|BANU01000002.1/14385-14193	1064|LZIG01000271.1/39553-39344	train
1830|BANU01000002.1/14385-14193	1568|BANT01000050.1/3981-4170	train
1830|BANU01000002.1/14385-14193	1930|BAOP01000034.1/34102-33920	train
1830|BANU01000002.1/14385-14193	1657|LMPL01000001.1/1441114-1440887	train
1027|LMSO01000012.1/24930-25123	0794|ANPE02000099.1/7368-7588	train
1027|LMSO01000012.1/24930-25123	2092|LKIU01000004.1/65842-66053	train
1027|LMSO01000012.1/24930-25123	1027|LMSO01000012.1/24930-25123	train
1027|LMSO01000012.1/24930-25123	0021|FNKH01000002.1/1200363-1200151	train
3850|CP000481.1/1069182-1069310	3461|CP000481.1/1069182-1069310	train
3850|CP000481.1/1069182-1069310	1942|LRMV01000002.1/18895-18759	train
3850|CP000481.1/1069182-1069310	3850|CP000481.1/1069182-1069310	train
1102|LTUQ01000110.1/10411-10240	1102|LTUQ01000110.1/10411-10240	train
3876|AAXV01000025.1/10441-10579	3185|JPVO01000046.1/17812-17671	validation
3876|AAXV01000025.1/10441-10579	1593|LFZW01000001.1/3971655-3971515	validation
3876|AAXV01000025.1/10441-10579	0603|MLYR01000114.1/6733-6871	validation
3876|AAXV01000025.1/10441-10579	3594|LITN01000002.1/2115016-2114881	validation
3876|AAXV01000025.1/10441-10579	3876|AAXV01000025.1/10441-10579	validation
3876|AAXV01000025.1/10441-10579	1201|JAQV02000016.1/995-1136	validation
2406|CP001686.1/374386-374542	0718|MKKB01000461.1/32255-32411	validation
2406|CP001686.1/374386-374542	2406|CP001686.1/374386-374542	validation
1375|JPVO01000033.1/18669-18517	0310|JPVN01000021.1/10751-10604	validation
1375|JPVO01000033.1/18669-18517	1375|JPVO01000033.1/18669-18517	validation
0591|MGNZ01000036.1/16195-16048	0591|MGNZ01000036.1/16195-16048	train
2208|FTOF01000012.1/38254-38443	2208|FTOF01000012.1/38254-38443	train
2051|FTOF01000003.1/61214-61391	2051|FTOF01000003.1/61214-61391	validation
2051|FTOF01000003.1/61214-61391	3424|JRNG01000002.1/106906-106730	validation
2051|FTOF01000003.1/61214-61391	1480|CM000961.1/1316738-1316904	validation
3734|ABOX02000005.1/18497-18332	1237|ABOX02000073.1/18509-18348	train
3734|ABOX02000005.1/18497-18332	3734|ABOX02000005.1/18497-18332	train
2402|MGOS01000033.1/27568-27439	2402|MGOS01000033.1/27568-27439	validation
3617|LOES01000096.1/11963-11829	3774|CP017269.1/3925189-3925050	train
3617|LOES01000096.1/11963-11829	1210|CP017269.1/3924875-3924738	train
3617|LOES01000096.1/11963-11829	3617|LOES01000096.1/11963-11829	train
3617|LOES01000096.1/11963-11829	1486|LOEE01000059.1/41262-41125	train
3617|LOES01000096.1/11963-11829	1795|FQZV01000038.1/8733-8871	train
3617|LOES01000096.1/11963-11829	3012|LOEE01000059.1/40949-40814	train
3617|LOES01000096.1/11963-11829	2139|FQZV01000038.1/8421-8559	train
2922|FWXI01000004.1/255884-255748	2922|FWXI01000004.1/255884-255748	validation
2922|FWXI01000004.1/255884-255748	2222|LSLJ01000002.1/156362-156227	validation
2922|FWXI01000004.1/255884-255748	1278|CTRP01000012.1/131795-131658	validation
2681|BA000036.3/868556-868388	2681|BA000036.3/868556-868388	validation
2681|BA000036.3/868556-868388	3816|BX927150.1/172169-172001	validation
0626|CP009922.2/2012945-2012774	2316|LZNS01000001.1/5020554-5020770	validation
0626|CP009922.2/2012945-2012774	0626|CP009922.2/2012945-2012774	validation
3123|AURB01000126.1/20888-20749	3123|AURB01000126.1/20888-20749	train
3014|CP011974.1/2294430-2294582	1217|MPHG01000428.1/10357-10211	train
3014|CP011974.1/2294430-2294582	3014|CP011974.1/2294430-2294582	train
1249|JZQX01000065.1/3983-3844	1249|JZQX01000065.1/3983-3844	validation
1155|MLYQ01000092.1/3165-3307	1155|MLYQ01000092.1/3165-3307	train
1036|CP002901.1/3003370-3003227	1036|CP002901.1/3003370-3003227	validation
0784|BAHD01000122.1/6427-6232	0784|BAHD01000122.1/6427-6232	train
0784|BAHD01000122.1/6427-6232	2592|BAFE01000051.1/2732-2922	train
2174|CP001291.1/3786925-3786779	0879|CM002803.1/560780-560630	validation
2174|CP001291.1/3786925-3786779	3706|CP003653.1/2313753-2313884	validation
2174|CP001291.1/3786925-3786779	1508|CP001344.1/5369055-5369217	validation
2174|CP001291.1/3786925-3786779	0563|CP003642.1/1717182-1716953	validation
2174|CP001291.1/3786925-3786779	2594|CP003653.1/2308615-2308754	validation
2174|CP001291.1/3786925-3786779	1424|CP001344.1/4373290-4373127	validation
2174|CP001291.1/3786925-3786779	0371|CP003590.1/230359-230520	validation
2174|CP001291.1/3786925-3786779	0405|LN889800.1/5583-5732	validation
2174|CP001291.1/3786925-3786779	0808|CP001287.1/3841746-3841875	validation
2174|CP001291.1/3786925-3786779	2174|CP001291.1/3786925-3786779	validation
1239|FMHJ01000004.1/496607-496812	0349|FODD01000028.1/98566-98706	validation
1239|FMHJ01000004.1/496607-496812	1239|FMHJ01000004.1/496607-496812	validation
1239|FMHJ01000004.1/496607-496812	3366|CP019458.1/6083346-6083515	validation
1239|FMHJ01000004.1/496607-496812	0373|CP002994.1/339734-339903	validation
0183|AURB01000182.1/4277-4153	0183|AURB01000182.1/4277-4153	train
2998|CP009245.1/1992044-1991865	2998|CP009245.1/1992044-1991865	train
0947|FPJZ01000018.1/23703-23841	0947|FPJZ01000018.1/23703-23841	train
0763|MENB01000039.1/2873-2738	0763|MENB01000039.1/2873-2738	validation
3257|LJJC01000004.1/144044-143901	1597|CP007806.1/343290-343434	train
3257|LJJC01000004.1/144044-143901	3597|LGUG01000004.1/439796-439649	train
3257|LJJC01000004.1/144044-143901	3257|LJJC01000004.1/144044-143901	train
3257|LJJC01000004.1/144044-143901	3246|LQQV01000059.1/41318-41461	train
0355|JRNH01000009.1/25150-25293	0355|JRNH01000009.1/25150-25293	train
3089|LLZH01000318.1/168924-168796	3089|LLZH01000318.1/168924-168796	train
2198|ANPE02000100.1/23831-23641	2198|ANPE02000100.1/23831-23641	train
0536|KK073875.1/2466689-2466452	0536|KK073875.1/2466689-2466452	train
2997|MRTP01000003.1/137183-136996	2211|LAZU01000022.1/88693-88893	train
2997|MRTP01000003.1/137183-136996	2997|MRTP01000003.1/137183-136996	train
2685|LWAE01000003.1/409815-409683	2547|CP017253.1/1378096-1377964	train
2685|LWAE01000003.1/409815-409683	1365|MZGV01000004.1/77205-77076	train
2685|LWAE01000003.1/409815-409683	1773|FMKA01000001.1/68885-69017	train
2685|LWAE01000003.1/409815-409683	2685|LWAE01000003.1/409815-409683	train
2685|LWAE01000003.1/409815-409683	2738|LHUR01000031.1/8170-8038	train
2685|LWAE01000003.1/409815-409683	3439|ACVI01000079.1/5456-5586	train
1852|BANT01000001.1/16839-17021	1852|BANT01000001.1/16839-17021	train
1852|BANT01000001.1/16839-17021	3324|BAOP01000004.1/116497-116303	train
1269|CP002028.1/2541639-2541767	1269|CP002028.1/2541639-2541767	validation
0169|MKJY01000561.1/13930-13782	0169|MKJY01000561.1/13930-13782	validation
3134|JROM01000017.1/89766-89577	3134|JROM01000017.1/89766-89577	train
1747|LJCO01000058.1/60514-60348	1747|LJCO01000058.1/60514-60348	train
3843|AAOX01000003.1/202929-203071	0391|CP006643.1/4768318-4768461	validation
3843|AAOX01000003.1/202929-203071	3843|AAOX01000003.1/202929-203071	validation
1780|CP013653.1/4195824-4195597	1780|CP013653.1/4195824-4195597	train
1780|CP013653.1/4195824-4195597	0974|LT629764.1/4198657-4198790	train
1141|ASQP01000473.1/29899-30041	1141|ASQP01000473.1/29899-30041	validation
0940|MNXJ01000084.1/51620-51751	0940|MNXJ01000084.1/51620-51751	validation
2579|MGSY01000111.1/869-696	3645|MHBP01000227.1/16302-16129	train
2579|MGSY01000111.1/869-696	2579|MGSY01000111.1/869-696	train
1348|CP000448.1/1297836-1297702	3840|CP000448.1/1297836-1297702	train
1348|CP000448.1/1297836-1297702	1348|CP000448.1/1297836-1297702	train
0197|AEDD01000014.1/56977-57152	0197|AEDD01000014.1/56977-57152	train
0054|LT629701.1/6816966-6816770	0054|LT629701.1/6816966-6816770	train
1779|FQYL01000005.1/146909-147074	1779|FQYL01000005.1/146909-147074	validation
1282|CP003065.1/675659-675802	1282|CP003065.1/675659-675802	validation
3899|CP000850.1/603238-603111	3899|CP000850.1/603238-603111	validation
2099|LMET01000002.1/115412-115238	2099|LMET01000002.1/115412-115238	train
2050|MHHG01000061.1/40813-40655	2050|MHHG01000061.1/40813-40655	train
3502|MNJR01000051.1/42468-42680	3502|MNJR01000051.1/42468-42680	validation
1336|LJIZ01000018.1/37346-37207	1336|LJIZ01000018.1/37346-37207	train
0577|MIHD01000004.1/67231-67066	2788|AMRA01000100.1/15763-15932	train
0577|MIHD01000004.1/67231-67066	2158|LZLJ01000093.1/387070-387235	train
0577|MIHD01000004.1/67231-67066	0577|MIHD01000004.1/67231-67066	train
0577|MIHD01000004.1/67231-67066	0432|CP002786.1/863313-863120	train
0577|MIHD01000004.1/67231-67066	1533|MBEM01000176.1/11410-11615	train
0057|AVPL01000009.1/70675-70494	0224|LMGM01000001.1/2931487-2931702	train
0057|AVPL01000009.1/70675-70494	0057|AVPL01000009.1/70675-70494	train
3583|LMQA01000005.1/7417-7566	3583|LMQA01000005.1/7417-7566	train
2038|CP002394.1/3728686-3728827	2038|CP002394.1/3728686-3728827	train
1405|JSDP01000007.1/14026-13914	1473|CP003285.1/625205-625318	train
1405|JSDP01000007.1/14026-13914	1441|LJOY01000117.1/5144-5032	train
1405|JSDP01000007.1/14026-13914	2498|CP003548.1/5702394-5702530	train
1405|JSDP01000007.1/14026-13914	1156|LJOT01000028.1/20037-19925	train
1405|JSDP01000007.1/14026-13914	1405|JSDP01000007.1/14026-13914	train
0219|LXGJ01000232.1/5755-5631	0219|LXGJ01000232.1/5755-5631	train
3403|MDER01000046.1/20785-20967	1551|CP013023.1/3030181-3030363	train
3403|MDER01000046.1/20785-20967	3403|MDER01000046.1/20785-20967	train
3396|MDZE01000001.1/140864-140987	3396|MDZE01000001.1/140864-140987	train
2960|KB290819.1/528-713	2484|KB290817.1/21280-21465	train
2960|KB290819.1/528-713	2960|KB290819.1/528-713	train
2675|CP009922.2/2059900-2059754	3083|CM000950.1/746760-746581	train
2675|CP009922.2/2059900-2059754	1750|LGDF01000137.1/60419-60608	train
2675|CP009922.2/2059900-2059754	1270|CP011492.1/5863423-5863233	train
2675|CP009922.2/2059900-2059754	2675|CP009922.2/2059900-2059754	train
2675|CP009922.2/2059900-2059754	1871|FZOF01000004.1/258243-258054	train
2675|CP009922.2/2059900-2059754	1301|CP002993.1/5696296-5696481	train
2637|FO117623.1/1914674-1914816	2637|FO117623.1/1914674-1914816	train
3607|ATHV01000042.1/280-413	3607|ATHV01000042.1/280-413	train
2904|CP015378.1/1200599-1200739	2904|CP015378.1/1200599-1200739	train
0428|CP000568.1/1397353-1397223	3838|CP000568.1/1397353-1397223	train
0428|CP000568.1/1397353-1397223	0428|CP000568.1/1397353-1397223	train
3715|LTBB01000002.1/300349-300198	3715|LTBB01000002.1/300349-300198	validation
3122|AXCX01000004.1/18426-18530	3122|AXCX01000004.1/18426-18530	train
2474|FPAA01000005.1/175963-176098	2474|FPAA01000005.1/175963-176098	validation
3177|CP010976.1/440629-440797	1057|LSFN01000001.1/11764-11622	validation
3177|CP010976.1/440629-440797	3177|CP010976.1/440629-440797	validation
3177|CP010976.1/440629-440797	3547|LVJI01000001.1/106277-106137	validation
0746|CP003170.1/1861380-1861561	0746|CP003170.1/1861380-1861561	train
0284|LAZU01000022.1/88360-88190	0284|LAZU01000022.1/88360-88190	train
3276|LOES01000150.1/25970-26112	3276|LOES01000150.1/25970-26112	train
2493|MDZE01000022.1/618415-618273	2493|MDZE01000022.1/618415-618273	train
2266|AE008691.1/1853404-1853270	3902|AE008691.1/1853404-1853270	validation
2266|AE008691.1/1853404-1853270	2266|AE008691.1/1853404-1853270	validation
2423|CP002017.1/1929881-1929732	2423|CP002017.1/1929881-1929732	train
2409|CP003630.1/1203142-1202992	2409|CP003630.1/1203142-1202992	train
1691|CP014140.1/679997-680128	3494|LGUG01000004.1/637286-637416	train
1691|CP014140.1/679997-680128	1691|CP014140.1/679997-680128	train
1371|MKRX01000001.1/124084-123953	2447|MEGB01000108.1/4853-4722	validation
1371|MKRX01000001.1/124084-123953	1371|MKRX01000001.1/124084-123953	validation
3527|AUPA01000024.1/16011-16215	3527|AUPA01000024.1/16011-16215	train
2642|CP009241.1/579700-579888	2664|CP009279.1/5760283-5760099	train
2642|CP009241.1/579700-579888	3615|CP009279.1/589015-589204	train
2642|CP009241.1/579700-579888	2642|CP009241.1/579700-579888	train
2642|CP009241.1/579700-579888	3745|CP009284.1/532669-532865	train
2642|CP009241.1/579700-579888	0250|JNVM01000012.1/25779-25581	train
2448|AGUD01000075.1/2847-3015	2448|AGUD01000075.1/2847-3015	train
2448|AGUD01000075.1/2847-3015	1544|AGUD01000249.1/17171-17321	train
1522|CP009286.1/4396209-4396377	3144|LN831776.1/741307-741138	train
1522|CP009286.1/4396209-4396377	1656|CP009279.1/588594-588429	train
1522|CP009286.1/4396209-4396377	1522|CP009286.1/4396209-4396377	train
2160|AKZN01000045.1/10291-10433	2160|AKZN01000045.1/10291-10433	train
1919|CP001736.1/2869479-2869645	1919|CP001736.1/2869479-2869645	validation
2525|CP002343.1/3929829-3930034	2525|CP002343.1/3929829-3930034	train
1549|CP019572.1/4742339-4742523	2925|LVCV01000443.1/18505-18727	train
1549|CP019572.1/4742339-4742523	1082|CM001149.1/2366999-2367206	train
1549|CP019572.1/4742339-4742523	3546|LVHI01000012.1/465426-465616	train
1549|CP019572.1/4742339-4742523	1549|CP019572.1/4742339-4742523	train
1549|CP019572.1/4742339-4742523	1799|MKKY01000025.1/116452-116678	train
1549|CP019572.1/4742339-4742523	1246|CP010797.1/2659973-2660180	train
1549|CP019572.1/4742339-4742523	0019|MKKD01000067.1/311171-310951	train
1002|LSSX01000197.1/1814-1670	1002|LSSX01000197.1/1814-1670	train
0840|FO203431.1/1568818-1568976	1570|FO203431.1/1906229-1906369	train
0840|FO203431.1/1568818-1568976	3622|FZNO01000010.1/74728-74885	train
0840|FO203431.1/1568818-1568976	0358|FO117623.1/1879477-1879633	train
0840|FO203431.1/1568818-1568976	0840|FO203431.1/1568818-1568976	train
0025|MELW01000208.1/1380-1210	0025|MELW01000208.1/1380-1210	train
3062|JXRR01000001.1/440455-440313	3701|LATZ01000011.1/117782-117925	train
3062|JXRR01000001.1/440455-440313	0793|AJLR01000045.1/120922-120786	train
3062|JXRR01000001.1/440455-440313	3062|JXRR01000001.1/440455-440313	train
0582|JZWY01000492.1/14009-14176	0582|JZWY01000492.1/14009-14176	train
2857|LOES01000238.1/29610-29476	2700|LOEE01000047.1/46736-46870	train
2857|LOES01000238.1/29610-29476	3543|CP017269.1/5417712-5417578	train
2857|LOES01000238.1/29610-29476	3807|FQZV01000016.1/37934-37799	train
2857|LOES01000238.1/29610-29476	2857|LOES01000238.1/29610-29476	train
2071|MNHU01000294.1/899-758	3519|MEKS01000059.1/51956-52097	train
2071|MNHU01000294.1/899-758	3280|MELB01000096.1/1001-861	train
2071|MNHU01000294.1/899-758	1800|MEKW01000039.1/37178-37027	train
2071|MNHU01000294.1/899-758	2103|MNEX01000282.1/13690-13550	train
2071|MNHU01000294.1/899-758	2071|MNHU01000294.1/899-758	train
2071|MNHU01000294.1/899-758	0953|MNFU01000222.1/11833-11693	train
1926|CP004044.1/1276449-1276316	1926|CP004044.1/1276449-1276316	train
1147|CP009279.1/3654663-3654505	1643|CP004078.1/2949220-2949065	train
1147|CP009279.1/3654663-3654505	0072|CP009284.1/3830327-3830168	train
1147|CP009279.1/3654663-3654505	3363|JQCR01000003.1/1163322-1163165	train
1147|CP009279.1/3654663-3654505	2526|LN831776.1/4349589-4349431	train
1147|CP009279.1/3654663-3654505	1939|JUEI01000026.1/42023-41864	train
1147|CP009279.1/3654663-3654505	2017|CP009286.1/3141422-3141266	train
1147|CP009279.1/3654663-3654505	2762|CP009282.1/4234006-4233847	train
1147|CP009279.1/3654663-3654505	0715|CP009241.1/4356131-4355972	train
1147|CP009279.1/3654663-3654505	0770|CP010976.1/5219565-5219711	train
1147|CP009279.1/3654663-3654505	1147|CP009279.1/3654663-3654505	train
1147|CP009279.1/3654663-3654505	0427|MAQW01000001.1/64511-64355	train
2734|FQUY01000002.1/24817-24659	1033|CP000612.1/3033561-3033714	train
2734|FQUY01000002.1/24817-24659	1265|FRAR01000013.1/1637-1480	train
2734|FQUY01000002.1/24817-24659	2734|FQUY01000002.1/24817-24659	train
2734|FQUY01000002.1/24817-24659	3848|CP000612.1/3033561-3033714	train
1231|LWNU01000042.1/16239-16410	1231|LWNU01000042.1/16239-16410	train
1157|AWQS01000088.1/3173-2985	0145|AWSA01000036.1/12289-12105	train
1157|AWQS01000088.1/3173-2985	1157|AWQS01000088.1/3173-2985	train
2645|MAQX01000004.1/48246-48094	0851|LMLV01000007.1/42917-43088	train
2645|MAQX01000004.1/48246-48094	0365|MXQD01000030.1/82919-83070	train
2645|MAQX01000004.1/48246-48094	1351|LMRV01000054.1/26018-25867	train
2645|MAQX01000004.1/48246-48094	1963|MRTD01000031.1/21852-21699	train
2645|MAQX01000004.1/48246-48094	2645|MAQX01000004.1/48246-48094	train
1506|LQZG01000001.1/2985-2806	1506|LQZG01000001.1/2985-2806	train
0003|LT838272.1/653627-653765	3846|CP000232.1/459162-459290	train
0003|LT838272.1/653627-653765	1986|CP000232.1/459162-459290	train
0003|LT838272.1/653627-653765	1007|LGFA01000023.1/19796-19658	train
0003|LT838272.1/653627-653765	0003|LT838272.1/653627-653765	train
3481|AHKH01000034.1/31603-31422	2291|AWUK01000008.1/11066-11241	train
3481|AHKH01000034.1/31603-31422	3254|CP003355.1/324557-324722	train
3481|AHKH01000034.1/31603-31422	3481|AHKH01000034.1/31603-31422	train
3148|LJCO01000091.1/65591-65465	3148|LJCO01000091.1/65591-65465	validation
2348|KI632511.1/6977867-6977703	2348|KI632511.1/6977867-6977703	train
1507|CP001825.1/1446760-1446629	1507|CP001825.1/1446760-1446629	validation
1507|CP001825.1/1446760-1446629	1898|CP001825.1/523798-523668	validation
0326|MAYV01000001.1/159114-158988	0326|MAYV01000001.1/159114-158988	train
3304|CP012677.1/379651-379881	3000|CP013745.1/236786-237040	train
3304|CP012677.1/379651-379881	3304|CP012677.1/379651-379881	train
3304|CP012677.1/379651-379881	0566|CP012479.1/151088-151307	train
0142|AKZN01000039.1/83392-83256	3517|CP001727.1/1422606-1422739	train
0142|AKZN01000039.1/83392-83256	0142|AKZN01000039.1/83392-83256	train
0142|AKZN01000039.1/83392-83256	0654|AURB01000129.1/112439-112305	train
2930|BDHH01000005.1/235890-236037	2930|BDHH01000005.1/235890-236037	validation
2499|AKZN01000039.1/71879-71734	2499|AKZN01000039.1/71879-71734	train
1796|CP001656.1/125729-125573	1796|CP001656.1/125729-125573	validation
1660|LJTZ01000026.1/9145-9274	2538|LIZQ01000042.1/8233-8363	train
1660|LJTZ01000026.1/9145-9274	1660|LJTZ01000026.1/9145-9274	train
1534|FRAF01000001.1/39036-38915	1534|FRAF01000001.1/39036-38915	train
3136|FRAF01000012.1/97572-97439	3136|FRAF01000012.1/97572-97439	train
2746|CP017269.1/1051579-1051446	2746|CP017269.1/1051579-1051446	train
2387|LJJB01000013.1/1256107-1256247	3787|AP008955.1/1043767-1043628	train
2387|LJJB01000013.1/1256107-1256247	2379|KI629782.1/1767002-1767139	train
2387|LJJB01000013.1/1256107-1256247	0200|CP007806.1/693826-693688	train
2387|LJJB01000013.1/1256107-1256247	1133|LQQV01000053.1/49180-49313	train
2387|LJJB01000013.1/1256107-1256247	2387|LJJB01000013.1/1256107-1256247	train
2387|LJJB01000013.1/1256107-1256247	1698|AKKB01000013.1/15552-15686	train
1056|LMGM01000001.1/2816381-2816560	2080|LMSS01000003.1/300201-300380	train
1056|LMGM01000001.1/2816381-2816560	0155|MAST01000023.1/72479-72293	train
1056|LMGM01000001.1/2816381-2816560	0472|LMSC01000010.1/17703-17525	train
1056|LMGM01000001.1/2816381-2816560	1056|LMGM01000001.1/2816381-2816560	train
1056|LMGM01000001.1/2816381-2816560	1904|CP011112.1/1579025-1579218	train
3833|CP000612.1/2967251-2967121	1723|CP000612.1/2967251-2967121	train
3833|CP000612.1/2967251-2967121	3833|CP000612.1/2967251-2967121	train
3600|LJCO01000046.1/35699-35573	3600|LJCO01000046.1/35699-35573	validation
2824|AP013294.1/801438-801299	2824|AP013294.1/801438-801299	train
3418|FQZS01000005.1/138590-138725	3418|FQZS01000005.1/138590-138725	train
3418|FQZS01000005.1/138590-138725	1959|CP002360.1/2188408-2188281	train
2853|JTDJ01000059.1/3372-3535	2853|JTDJ01000059.1/3372-3535	train
2264|MRTK01000010.1/151403-151564	1087|LMRV01000050.1/21775-21614	train
2264|MRTK01000010.1/151403-151564	0702|MRTD01000006.1/226043-226204	train
2264|MRTK01000010.1/151403-151564	1607|MAQX01000022.1/113119-112958	train
2264|MRTK01000010.1/151403-151564	2264|MRTK01000010.1/151403-151564	train
2264|MRTK01000010.1/151403-151564	0379|LMLV01000005.1/734-569	train
1772|CP003355.1/3749674-3749528	0741|CP003355.1/701185-701332	validation
1772|CP003355.1/3749674-3749528	1772|CP003355.1/3749674-3749528	validation
1772|CP003355.1/3749674-3749528	1584|CP003355.1/3394378-3394235	validation
1041|MHFR01000035.1/6645-6506	1041|MHFR01000035.1/6645-6506	train
0421|AKKV01000025.1/168432-168302	0421|AKKV01000025.1/168432-168302	train
3167|LPVJ01000029.1/42725-42860	3167|LPVJ01000029.1/42725-42860	train
2097|LMER01000019.1/141105-141321	2097|LMER01000019.1/141105-141321	validation
1885|MKST01000011.1/250006-249858	1885|MKST01000011.1/250006-249858	train
1011|MEIA01000213.1/23475-23612	3628|CP002638.1/465734-465603	train
1011|MEIA01000213.1/23475-23612	3642|JRTT01000004.1/50394-50256	train
1011|MEIA01000213.1/23475-23612	0692|LRQV01000018.1/38196-38064	train
1011|MEIA01000213.1/23475-23612	3541|FTNF01000007.1/166084-166214	train
1011|MEIA01000213.1/23475-23612	3357|CP002162.1/576722-576591	train
1011|MEIA01000213.1/23475-23612	3440|KQ058860.1/8650-8781	train
1011|MEIA01000213.1/23475-23612	1479|LT607753.1/4108785-4108655	train
1011|MEIA01000213.1/23475-23612	0772|LT607733.1/5793923-5794054	train
1011|MEIA01000213.1/23475-23612	1879|CP005929.1/573648-573509	train
1011|MEIA01000213.1/23475-23612	0932|HF570108.1/580415-580285	train
1011|MEIA01000213.1/23475-23612	1369|FMIA01000002.1/667312-667181	train
1011|MEIA01000213.1/23475-23612	3325|LT607750.1/6954272-6954142	train
1011|MEIA01000213.1/23475-23612	0971|CP006272.1/484936-484798	train
1011|MEIA01000213.1/23475-23612	0272|CP005929.1/573852-573992	train
1011|MEIA01000213.1/23475-23612	0828|LRQV01000223.1/2621-2752	train
1011|MEIA01000213.1/23475-23612	2888|LWLS01000116.1/227673-227543	train
1011|MEIA01000213.1/23475-23612	0436|FMHV01000002.1/6467344-6467478	train
1011|MEIA01000213.1/23475-23612	1470|FMDM01000006.1/50638-50768	train
1011|MEIA01000213.1/23475-23612	0350|LT594324.1/5891788-5891658	train
1011|MEIA01000213.1/23475-23612	0933|FZNR01000011.1/227779-227915	train
1011|MEIA01000213.1/23475-23612	2964|CP003170.1/521796-521941	train
1011|MEIA01000213.1/23475-23612	2622|LT607413.1/1621973-1622103	train
1011|MEIA01000213.1/23475-23612	3654|LGEB01000086.1/120619-120489	train
1011|MEIA01000213.1/23475-23612	2772|LT598496.1/4279162-4279292	train
1011|MEIA01000213.1/23475-23612	3024|LT607751.1/1220822-1220692	train
1011|MEIA01000213.1/23475-23612	0556|JXSX01000001.1/998312-998182	train
1011|MEIA01000213.1/23475-23612	2583|FMHT01000003.1/3480919-3480788	train
1011|MEIA01000213.1/23475-23612	1011|MEIA01000213.1/23475-23612	train
1011|MEIA01000213.1/23475-23612	3367|FMHV01000002.1/1456816-1456686	train
1011|MEIA01000213.1/23475-23612	0173|FZNR01000011.1/227571-227439	train
1011|MEIA01000213.1/23475-23612	1362|FSQT01000002.1/2673698-2673568	train
1011|MEIA01000213.1/23475-23612	3170|CP006272.1/485216-485352	train
1011|MEIA01000213.1/23475-23612	2440|MEIA01000213.1/23195-23058	train
1011|MEIA01000213.1/23475-23612	1602|LRMV01000106.1/21252-21121	train
1011|MEIA01000213.1/23475-23612	2424|CP002638.1/5181130-5181263	train
0806|KQ948941.1/41156-41293	0806|KQ948941.1/41156-41293	validation
0806|KQ948941.1/41156-41293	1029|LLZG01000345.1/110902-111077	validation
2586|FQVX01000003.1/444420-444590	0850|FO203431.1/3860273-3860117	train
2586|FQVX01000003.1/444420-444590	0416|JPMX01000003.1/620-469	train
2586|FQVX01000003.1/444420-444590	2986|MBFF02000085.1/2401-2574	train
2586|FQVX01000003.1/444420-444590	2586|FQVX01000003.1/444420-444590	train
2586|FQVX01000003.1/444420-444590	3462|FO203431.1/3659600-3659761	train
2586|FQVX01000003.1/444420-444590	0755|FZOH01000001.1/213159-213327	train
0071|CP009313.1/3685254-3685121	0071|CP009313.1/3685254-3685121	train
0029|LQYT01000043.1/19919-19787	2098|AFCE01000055.1/3856-3987	validation
0029|LQYT01000043.1/19919-19787	0029|LQYT01000043.1/19919-19787	validation
2378|CP000930.2/2489129-2488965	2378|CP000930.2/2489129-2488965	train
0787|MELW01000133.1/5598-5765	0787|MELW01000133.1/5598-5765	train
2719|CP002360.1/2039722-2039857	2719|CP002360.1/2039722-2039857	train
1729|CP003235.1/1688464-1688315	1729|CP003235.1/1688464-1688315	train
0949|LYVF01000040.1/2249-2124	0949|LYVF01000040.1/2249-2124	train
0799|CP003235.1/1992128-1991964	1280|MSZX01000014.1/34559-34392	train
0799|CP003235.1/1992128-1991964	0799|CP003235.1/1992128-1991964	train
2900|AKZN01000011.1/18991-18846	2900|AKZN01000011.1/18991-18846	train
2311|LJCO01000008.1/415345-415483	2311|LJCO01000008.1/415345-415483	train
3743|MNDP01000519.1/15219-15086	3743|MNDP01000519.1/15219-15086	validation
3434|KV411303.1/1872372-1872209	3434|KV411303.1/1872372-1872209	train
1685|CP017717.1/11861149-11861004	1685|CP017717.1/11861149-11861004	train
1192|CP022657.1/1809947-1809796	0573|CP021434.1/4675794-4675944	train
1192|CP022657.1/1809947-1809796	1192|CP022657.1/1809947-1809796	train
0108|MELW01000033.1/12152-12021	0108|MELW01000033.1/12152-12021	train
2844|FQVL01000002.1/143110-142976	2844|FQVL01000002.1/143110-142976	train
1449|CP000509.1/3328812-3328656	1988|CM001852.1/2702809-2702645	validation
1449|CP000509.1/3328812-3328656	0468|JZDQ02000034.1/15506-15328	validation
1449|CP000509.1/3328812-3328656	0885|LMNH01000001.1/602734-602900	validation
1449|CP000509.1/3328812-3328656	0575|BDJG01000020.1/22322-22158	validation
1449|CP000509.1/3328812-3328656	2283|LMGV01000001.1/308529-308350	validation
1449|CP000509.1/3328812-3328656	2149|CP009896.1/2266645-2266807	validation
1449|CP000509.1/3328812-3328656	1416|LMIP01000008.1/184882-184719	validation
1449|CP000509.1/3328812-3328656	3231|LMDV01000001.1/751144-750963	validation
1449|CP000509.1/3328812-3328656	1449|CP000509.1/3328812-3328656	validation
1449|CP000509.1/3328812-3328656	0734|LMIA01000010.1/300290-300102	validation
1449|CP000509.1/3328812-3328656	1881|LMSM01000007.1/38316-38157	validation
1204|CP001854.1/1880276-1880419	1204|CP001854.1/1880276-1880419	train
3521|LFZW01000001.1/240075-240215	0322|MLYQ01000047.1/26216-26065	train
3521|LFZW01000001.1/240075-240215	3521|LFZW01000001.1/240075-240215	train
3521|LFZW01000001.1/240075-240215	0963|LIUR01000001.1/2779831-2779684	train
2377|FNLF01000002.1/3040023-3039874	2114|CP001966.1/2792094-2791931	train
2377|FNLF01000002.1/3040023-3039874	2377|FNLF01000002.1/3040023-3039874	train
1564|AP014924.1/3417038-3417181	1564|AP014924.1/3417038-3417181	train
0723|CP007032.1/1880450-1880583	0723|CP007032.1/1880450-1880583	train
3290|LADP01000005.1/164387-164235	3290|LADP01000005.1/164387-164235	train
0862|LT629757.1/627702-627880	1794|LMRF01000001.1/1265309-1265489	train
0862|LT629757.1/627702-627880	0862|LT629757.1/627702-627880	train
2400|JMIR01000042.1/11744-11576	2400|JMIR01000042.1/11744-11576	validation
1222|HF986379.1/20420-20296	1222|HF986379.1/20420-20296	train
0337|CP005929.1/5302393-5302244	1218|LLZH01000031.1/6119-5987	train
0337|CP005929.1/5302393-5302244	3699|CP006272.1/4406595-4406729	train
0337|CP005929.1/5302393-5302244	0675|FZNR01000007.1/120696-120828	train
0337|CP005929.1/5302393-5302244	0337|CP005929.1/5302393-5302244	train
3199|JH815208.1/742120-742282	0363|KB822674.1/628464-628302	train
3199|JH815208.1/742120-742282	3199|JH815208.1/742120-742282	train
3199|JH815208.1/742120-742282	2322|JRMV01000279.1/39710-39544	train
2287|CP017014.1/3100601-3100816	1704|JYNV01000060.1/376845-376625	validation
2287|CP017014.1/3100601-3100816	1937|AP008957.1/5078947-5079167	validation
2287|CP017014.1/3100601-3100816	0449|CVQP01000009.1/339789-339603	validation
2287|CP017014.1/3100601-3100816	2287|CP017014.1/3100601-3100816	validation
0915|MNUQ01000120.1/7769-7629	0522|MNUQ01000120.1/5326-5183	train
0915|MNUQ01000120.1/7769-7629	3611|FZOC01000008.1/99238-99099	train
0915|MNUQ01000120.1/7769-7629	2288|MGTN01000075.1/9219-9359	train
0915|MNUQ01000120.1/7769-7629	2825|FZOC01000008.1/97010-96872	train
0915|MNUQ01000120.1/7769-7629	0915|MNUQ01000120.1/7769-7629	train
0915|MNUQ01000120.1/7769-7629	2856|MGTN01000075.1/6591-6730	train
1952|CP003170.1/3291737-3291606	1952|CP003170.1/3291737-3291606	train
1379|FQVX01000001.1/1489704-1489543	1872|FZOH01000002.1/490639-490799	train
1379|FQVX01000001.1/1489704-1489543	1417|LMQA01000004.1/97807-97642	train
1379|FQVX01000001.1/1489704-1489543	1443|FZOO01000005.1/47616-47760	train
1379|FQVX01000001.1/1489704-1489543	3579|FO203431.1/1824600-1824745	train
1379|FQVX01000001.1/1489704-1489543	0227|FZOH01000008.1/38961-39115	train
1379|FQVX01000001.1/1489704-1489543	1040|FO203431.1/1794676-1794517	train
1379|FQVX01000001.1/1489704-1489543	3065|CP001867.1/147813-147656	train
1379|FQVX01000001.1/1489704-1489543	1379|FQVX01000001.1/1489704-1489543	train
0241|CP001793.1/6691963-6692157	0261|JNVM01000019.1/79622-79814	validation
0241|CP001793.1/6691963-6692157	0033|CP013217.1/182767-182911	validation
0241|CP001793.1/6691963-6692157	0241|CP001793.1/6691963-6692157	validation
0241|CP001793.1/6691963-6692157	1174|AFDH01000084.1/21684-21491	validation
0241|CP001793.1/6691963-6692157	2775|ALPT02000036.1/29052-29212	validation
3319|BAEH01000009.1/53502-53668	3319|BAEH01000009.1/53502-53668	train
3319|BAEH01000009.1/53502-53668	1992|BANX01000025.1/104804-104972	train
3319|BAEH01000009.1/53502-53668	1612|CP003119.1/3188937-3188768	train
2162|CP014209.1/2541649-2541495	2162|CP014209.1/2541649-2541495	train
2032|AHKH01000014.1/32503-32348	2032|AHKH01000014.1/32503-32348	validation
0529|MAQX01000001.1/193784-193941	0529|MAQX01000001.1/193784-193941	validation
0369|CP014989.1/1549261-1549115	2882|CP014989.1/2318249-2318100	validation
0369|CP014989.1/1549261-1549115	3364|LQBL01000024.1/609-458	validation
0369|CP014989.1/1549261-1549115	1831|MKKF01000011.1/127190-127336	validation
0369|CP014989.1/1549261-1549115	0369|CP014989.1/1549261-1549115	validation
3759|FTNI01000022.1/5045-5213	1213|KI866523.1/305957-306125	train
3759|FTNI01000022.1/5045-5213	3759|FTNI01000022.1/5045-5213	train
3070|AFDH01000019.1/14109-14304	3070|AFDH01000019.1/14109-14304	train
3757|JYJF01000055.1/13955-14156	2635|AEJB01000316.1/17067-17226	train
3757|JYJF01000055.1/13955-14156	1984|LIVZ01000004.1/589833-590004	train
3757|JYJF01000055.1/13955-14156	2724|AP010968.1/5178016-5178214	train
3757|JYJF01000055.1/13955-14156	2911|CP009438.1/4503389-4503218	train
3757|JYJF01000055.1/13955-14156	0559|JXZB01000004.1/2943033-2943216	train
3757|JYJF01000055.1/13955-14156	0374|JZKH01000100.1/9643-9475	train
3757|JYJF01000055.1/13955-14156	3228|JZWY01000272.1/19797-19945	train
3757|JYJF01000055.1/13955-14156	1258|KK853997.1/4829454-4829633	train
3757|JYJF01000055.1/13955-14156	2686|LIPD01000002.1/137559-137727	train
3757|JYJF01000055.1/13955-14156	3397|FRBI01000032.1/12963-12774	train
3757|JYJF01000055.1/13955-14156	3113|LGDW01000225.1/264-431	train
3757|JYJF01000055.1/13955-14156	3002|LMHX01000023.1/356131-356281	train
3757|JYJF01000055.1/13955-14156	3193|JPRF03000046.1/30424-30591	train
3757|JYJF01000055.1/13955-14156	0550|LWLA01000015.1/26322-26494	train
3757|JYJF01000055.1/13955-14156	3757|JYJF01000055.1/13955-14156	train
3757|JYJF01000055.1/13955-14156	1659|JYJF01000006.1/85060-84906	train
3495|LMQI01000004.1/406244-406069	3495|LMQI01000004.1/406244-406069	validation
3099|FOAZ01000003.1/569739-569866	0282|LLZU01000024.1/20328-20160	validation
3099|FOAZ01000003.1/569739-569866	0910|JZWZ01000077.1/19402-19265	validation
3099|FOAZ01000003.1/569739-569866	0240|FRBI01000003.1/52212-52053	validation
3099|FOAZ01000003.1/569739-569866	3099|FOAZ01000003.1/569739-569866	validation
1253|JMIR01000001.1/198382-198246	2674|CP022657.1/1618284-1618417	train
1253|JMIR01000001.1/198382-198246	3792|CP021434.1/4915796-4915662	train
1253|JMIR01000001.1/198382-198246	1253|JMIR01000001.1/198382-198246	train
0860|FQVU01000003.1/310043-310201	0860|FQVU01000003.1/310043-310201	validation
0056|DS999574.1/15773-15624	3334|JNFL01000643.1/1364-1534	train
0056|DS999574.1/15773-15624	1714|MTPX01000038.1/13873-14032	train
0056|DS999574.1/15773-15624	1263|FQTT01000009.1/590990-591149	train
0056|DS999574.1/15773-15624	2715|JNFL01000592.1/2243-2413	train
0056|DS999574.1/15773-15624	0056|DS999574.1/15773-15624	train
3891|CP001348.1/597732-597876	1075|CP001348.1/597732-597876	train
3891|CP001348.1/597732-597876	3891|CP001348.1/597732-597876	train
2862|FPBV01000009.1/69208-69049	2862|FPBV01000009.1/69208-69049	validation
0881|CP009215.1/1590010-1589887	0881|CP009215.1/1590010-1589887	validation
0688|CP002213.2/136889-136752	3335|KK073875.1/2389107-2389245	train
0688|CP002213.2/136889-136752	1875|BBIW01000023.1/30368-30509	train
0688|CP002213.2/136889-136752	0688|CP002213.2/136889-136752	train
0688|CP002213.2/136889-136752	1514|CP011388.1/1411853-1411988	train
0688|CP002213.2/136889-136752	2358|BAUO01000034.1/18121-17982	train
0688|CP002213.2/136889-136752	1728|CP001793.1/102961-102826	train
0308|FQXJ01000005.1/295210-295068	1511|CM001441.1/3319515-3319374	train
0308|FQXJ01000005.1/295210-295068	3806|LADV01000217.1/18313-18171	train
0308|FQXJ01000005.1/295210-295068	2800|CP003344.1/1735372-1735238	train
0308|FQXJ01000005.1/295210-295068	2885|CP003639.1/3279549-3279416	train
0308|FQXJ01000005.1/295210-295068	0313|JYNH01000023.1/5529-5670	train
0308|FQXJ01000005.1/295210-295068	3694|CP003629.1/2807493-2807352	train
0308|FQXJ01000005.1/295210-295068	1758|AP008230.1/2178006-2177870	train
0308|FQXJ01000005.1/295210-295068	2349|LDXJ01000056.1/65835-65696	train
0308|FQXJ01000005.1/295210-295068	0308|FQXJ01000005.1/295210-295068	train
0308|FQXJ01000005.1/295210-295068	0375|CP003108.1/3523574-3523433	train
0308|FQXJ01000005.1/295210-295068	3900|CP001336.1/3262209-3262073	train
3286|LT629781.1/2223156-2223321	3286|LT629781.1/2223156-2223321	train
2974|MNHT01000064.1/15447-15579	2494|MNHF01001053.1/117-246	validation
2974|MNHT01000064.1/15447-15579	3775|MNKK01000122.1/10039-10168	validation
2974|MNHT01000064.1/15447-15579	2908|MNFT01000115.1/9558-9687	validation
2974|MNHT01000064.1/15447-15579	2974|MNHT01000064.1/15447-15579	validation
2310|LT629701.1/7889511-7889650	2310|LT629701.1/7889511-7889650	train
0956|GG770539.1/636221-636046	3736|LIWA01000002.1/831186-830990	train
0956|GG770539.1/636221-636046	1298|KQ948865.1/194693-194536	train
0956|GG770539.1/636221-636046	0630|CM001165.1/801044-800867	train
0956|GG770539.1/636221-636046	0956|GG770539.1/636221-636046	train
2912|ANPE02000079.1/72681-72875	2060|FNKH01000002.1/446768-446941	train
2912|ANPE02000079.1/72681-72875	2912|ANPE02000079.1/72681-72875	train
2104|BAED01000040.1/80068-79896	2104|BAED01000040.1/80068-79896	train
1697|CP003273.1/4172375-4172245	0279|CP001720.1/3148775-3148643	train
1697|CP003273.1/4172375-4172245	1697|CP003273.1/4172375-4172245	train
0993|FWXI01000010.1/19146-19009	3795|LSLJ01000001.1/1686894-1687032	train
0993|FWXI01000010.1/19146-19009	3237|CTRP01000010.1/385042-385179	train
0993|FWXI01000010.1/19146-19009	0993|FWXI01000010.1/19146-19009	train
0776|LJTZ01000032.1/1936-1793	2801|MGNZ01000057.1/3658-3799	train
0776|LJTZ01000032.1/1936-1793	2461|LJUA01000020.1/8286-8428	train
0776|LJTZ01000032.1/1936-1793	0776|LJTZ01000032.1/1936-1793	train
0680|NFSD01000030.1/125635-125817	0680|NFSD01000030.1/125635-125817	validation
0680|NFSD01000030.1/125635-125817	0498|LMLU01000001.1/155499-155326	validation
3216|KI632511.1/3713824-3713604	3771|KI632511.1/9792259-9792037	validation
3216|KI632511.1/3713824-3713604	0334|KI632511.1/7989431-7989211	validation
3216|KI632511.1/3713824-3713604	3216|KI632511.1/3713824-3713604	validation
3216|KI632511.1/3713824-3713604	3467|KI632511.1/9390206-9389989	validation
2771|CP001720.1/1136333-1136461	2771|CP001720.1/1136333-1136461	validation
2237|LOES01000085.1/24587-24455	2237|LOES01000085.1/24587-24455	validation
2063|BAOQ01000022.1/37374-37141	3626|CP011853.1/2698951-2698748	validation
2063|BAOQ01000022.1/37374-37141	3095|BANU01000006.1/141580-141779	validation
2063|BAOQ01000022.1/37374-37141	0916|BAHC01000102.1/61326-61146	validation
2063|BAOQ01000022.1/37374-37141	2063|BAOQ01000022.1/37374-37141	validation
2063|BAOQ01000022.1/37374-37141	1962|BAFC01000058.1/15227-15411	validation
0615|MHDU01000037.1/12288-12420	3577|CP000482.1/648111-647957	train
0615|MHDU01000037.1/12288-12420	2786|MGZJ01000061.1/52991-52850	train
0615|MHDU01000037.1/12288-12420	1555|MGZH01000150.1/8545-8686	train
0615|MHDU01000037.1/12288-12420	2797|MTEM01001268.1/3596-3732	train
0615|MHDU01000037.1/12288-12420	0615|MHDU01000037.1/12288-12420	train
0615|MHDU01000037.1/12288-12420	2516|BAZF01000003.1/66909-67178	train
0004|BBIW01000006.1/120452-120229	0004|BBIW01000006.1/120452-120229	train
2819|MJLT01000004.1/40755-40540	2819|MJLT01000004.1/40755-40540	train
2692|CP021430.1/3609568-3609698	2692|CP021430.1/3609568-3609698	train
1125|CP016094.1/2845878-2845708	1125|CP016094.1/2845878-2845708	train
3172|LJBJ02000001.1/32779-32930	3172|LJBJ02000001.1/32779-32930	train
2188|CP000673.1/658090-657951	3872|CP000673.1/658090-657951	train
2188|CP000673.1/658090-657951	2188|CP000673.1/658090-657951	train
2380|KK073874.1/9175155-9175326	2380|KK073874.1/9175155-9175326	validation
1175|CP002637.1/1655463-1655294	1175|CP002637.1/1655463-1655294	train
2430|CP001098.1/1255400-1255255	2430|CP001098.1/1255400-1255255	train
1559|LJCO01000090.1/17846-17707	1559|LJCO01000090.1/17846-17707	train
1909|FZNR01000009.1/120191-120357	1909|FZNR01000009.1/120191-120357	validation
2313|MHBQ01000167.1/12370-12225	2313|MHBQ01000167.1/12370-12225	train
0292|LJCO01000019.1/43940-44086	0292|LJCO01000019.1/43940-44086	train
0131|AP008230.1/891858-892005	3815|AF299117.1/4182-4326	validation
0131|AP008230.1/891858-892005	3831|AP008230.1/891859-892004	validation
0131|AP008230.1/891858-892005	0131|AP008230.1/891858-892005	validation
0664|FZOH01000002.1/365794-365616	1439|JPMX01000029.1/588-440	train
0664|FZOH01000002.1/365794-365616	3686|FQVX01000002.1/455743-455589	train
0664|FZOH01000002.1/365794-365616	2623|CP001778.1/1209062-1209220	train
0664|FZOH01000002.1/365794-365616	3057|JPMX01000106.1/1667-1818	train
0664|FZOH01000002.1/365794-365616	0937|FO203431.1/2067090-2067240	train
0664|FZOH01000002.1/365794-365616	1303|CP001867.1/2463748-2463900	train
0664|FZOH01000002.1/365794-365616	3465|FZNO01000003.1/234098-233917	train
0664|FZOH01000002.1/365794-365616	2343|FZOH01000003.1/205825-205977	train
0664|FZOH01000002.1/365794-365616	0664|FZOH01000002.1/365794-365616	train
0664|FZOH01000002.1/365794-365616	1236|FZOO01000002.1/321302-321152	train
0558|AP008230.1/1719300-1719165	3858|AP008230.1/1719300-1719165	train
0558|AP008230.1/1719300-1719165	0558|AP008230.1/1719300-1719165	train
1358|CP006643.1/202474-202321	1358|CP006643.1/202474-202321	train
0225|CP006936.1/4894359-4894562	2630|LZSH01000187.1/21870-22054	train
0225|CP006936.1/4894359-4894562	3482|CP003053.1/4637695-4637908	train
0225|CP006936.1/4894359-4894562	3078|MVIC01000015.1/48367-48153	train
0225|CP006936.1/4894359-4894562	3407|LZLV01000032.1/25021-25228	train
0225|CP006936.1/4894359-4894562	3707|CP015596.1/1699789-1699568	train
0225|CP006936.1/4894359-4894562	0674|CP016640.1/900276-900095	train
0225|CP006936.1/4894359-4894562	1838|AJFI01000095.1/152036-151821	train
0225|CP006936.1/4894359-4894562	0989|MPNS01000019.1/59150-59367	train
0225|CP006936.1/4894359-4894562	2360|LZMC01000055.1/181669-181853	train
0225|CP006936.1/4894359-4894562	0189|LMEZ01000010.1/20936-21151	train
0225|CP006936.1/4894359-4894562	2695|CP000511.1/5402727-5402940	train
0225|CP006936.1/4894359-4894562	3063|MVHJ01000008.1/239617-239818	train
0225|CP006936.1/4894359-4894562	1557|LWCS01000042.1/13373-13157	train
0225|CP006936.1/4894359-4894562	0225|CP006936.1/4894359-4894562	train
1983|MFGU01000049.1/108588-108441	1983|MFGU01000049.1/108588-108441	train
1932|CP011271.1/4208972-4209128	1713|NIDE01000017.1/1645991-1646143	train
1932|CP011271.1/4208972-4209128	1932|CP011271.1/4208972-4209128	train
3140|LJGU01000127.1/400802-400941	3140|LJGU01000127.1/400802-400941	train
2831|APBN01000011.1/81788-81943	2810|KI629785.1/67016-67166	validation
2831|APBN01000011.1/81788-81943	3549|LXGJ01000040.1/74417-74567	validation
2831|APBN01000011.1/81788-81943	2831|APBN01000011.1/81788-81943	validation
1248|MSZX01000021.1/56785-56600	3490|CGIH01000050.1/31717-31852	train
1248|MSZX01000021.1/56785-56600	1248|MSZX01000021.1/56785-56600	train
2684|CP006643.1/4768146-4768285	3867|AAOX01000003.1/202757-202896	train
2684|CP006643.1/4768146-4768285	2684|CP006643.1/4768146-4768285	train
1063|MELW01000002.1/3744-3609	1063|MELW01000002.1/3744-3609	train
0923|CP000813.3/471891-472036	0923|CP000813.3/471891-472036	validation
2390|BAEE01000089.1/23408-23577	2390|BAEE01000089.1/23408-23577	validation
1173|LQOK01000007.1/838-628	0990|JAOC01000004.1/595696-595905	train
1173|LQOK01000007.1/838-628	0855|AE016958.1/825816-825604	train
1173|LQOK01000007.1/838-628	2791|MCHX01000026.1/789-594	train
1173|LQOK01000007.1/838-628	2834|LZKJ01000049.1/9366-9149	train
1173|LQOK01000007.1/838-628	2721|MVIK01000053.1/1246-1026	train
1173|LQOK01000007.1/838-628	1888|LQPJ01000122.1/758-549	train
1173|LQOK01000007.1/838-628	0172|AGVE01000046.1/678852-679047	train
1173|LQOK01000007.1/838-628	0544|CP011773.1/5221019-5221234	train
1173|LQOK01000007.1/838-628	2814|CM002177.1/615742-615517	train
1173|LQOK01000007.1/838-628	0535|HG964482.1/1594077-1593862	train
1173|LQOK01000007.1/838-628	0032|MIHC01000001.1/141734-141520	train
1173|LQOK01000007.1/838-628	2881|LAUZ02000117.1/15046-15252	train
1173|LQOK01000007.1/838-628	1760|CP009914.1/1252880-1252666	train
1173|LQOK01000007.1/838-628	0328|MLQM01000092.1/19881-20094	train
1173|LQOK01000007.1/838-628	2745|LQOR01000014.1/687-488	train
1173|LQOK01000007.1/838-628	3153|LQPQ01000027.1/3897-4119	train
1173|LQOK01000007.1/838-628	2779|LQOJ01000051.1/689-480	train
1173|LQOK01000007.1/838-628	0634|CCBF010000001.1/4191205-4190992	train
1173|LQOK01000007.1/838-628	0982|LZSC01000006.1/1315-1110	train
1173|LQOK01000007.1/838-628	3164|MZZM01000013.1/125581-125796	train
1173|LQOK01000007.1/838-628	1824|JAOD01000007.1/563649-563441	train
1173|LQOK01000007.1/838-628	1498|LZSU01000007.1/118194-118405	train
1173|LQOK01000007.1/838-628	0065|LZJY01000086.1/756-542	train
1173|LQOK01000007.1/838-628	3717|CP019882.1/5052236-5052454	train
1173|LQOK01000007.1/838-628	2598|FUZQ01000001.1/649615-649439	train
1173|LQOK01000007.1/838-628	3480|CP003491.1/849087-848879	train
1173|LQOK01000007.1/838-628	0301|LZHW01000007.1/379-155	train
1173|LQOK01000007.1/838-628	2614|AGIQ01000001.1/495594-495408	train
1173|LQOK01000007.1/838-628	1072|LQPR01000030.1/702-488	train
1173|LQOK01000007.1/838-628	1226|LZJC01000131.1/736-528	train
1173|LQOK01000007.1/838-628	1092|CP000480.1/5785398-5785569	train
1173|LQOK01000007.1/838-628	1051|MIHB01000048.1/24946-24736	train
1173|LQOK01000007.1/838-628	2766|LQPO01000035.1/452369-452579	train
1173|LQOK01000007.1/838-628	1173|LQOK01000007.1/838-628	train
1173|LQOK01000007.1/838-628	1528|JANZ01000010.1/169579-169358	train
1173|LQOK01000007.1/838-628	2802|MVHG01000014.1/99891-100104	train
1173|LQOK01000007.1/838-628	0852|MBEE01000079.1/127141-126927	train
0235|CP002901.1/157468-157317	0235|CP002901.1/157468-157317	validation
0217|FXAZ01000011.1/12798-12994	0217|FXAZ01000011.1/12798-12994	validation
1855|JJML01000096.1/2244-2389	1855|JJML01000096.1/2244-2389	train
1855|JJML01000096.1/2244-2389	3492|CP000957.1/21767-21604	train
3438|LPVJ01000030.1/18164-18301	3438|LPVJ01000030.1/18164-18301	train
2505|MAST01000017.1/109569-109764	2505|MAST01000017.1/109569-109764	train
1626|AGAF01000270.1/5515-5376	2662|LOEW01000154.1/13153-13296	train
1626|AGAF01000270.1/5515-5376	0247|MLBF01000002.1/182337-182194	train
1626|AGAF01000270.1/5515-5376	1626|AGAF01000270.1/5515-5376	train
3497|LGFR01000017.1/1937-2070	3603|LGFR01000136.1/1805-1636	train
3497|LGFR01000017.1/1937-2070	3497|LGFR01000017.1/1937-2070	train
3168|CP003184.1/2178840-2178710	3168|CP003184.1/2178840-2178710	validation
3093|CP000478.1/2207806-2207671	3823|CP000478.1/2207806-2207671	train
3093|CP000478.1/2207806-2207671	3093|CP000478.1/2207806-2207671	train
0952|FMHJ01000003.1/274806-274983	2907|NCTE01000128.1/6262-6429	train
0952|FMHJ01000003.1/274806-274983	0035|CP013142.1/4690744-4690577	train
0952|FMHJ01000003.1/274806-274983	1510|LIWB01000004.1/291610-291777	train
0952|FMHJ01000003.1/274806-274983	2568|LGCN01000017.1/31061-31229	train
0952|FMHJ01000003.1/274806-274983	0488|DS999641.1/3335986-3336148	train
0952|FMHJ01000003.1/274806-274983	0300|AOHP01000069.1/35237-35406	train
0952|FMHJ01000003.1/274806-274983	0952|FMHJ01000003.1/274806-274983	train
0952|FMHJ01000003.1/274806-274983	3633|GG657758.1/3344254-3344422	train
0952|FMHJ01000003.1/274806-274983	1490|LMTQ02000013.1/49048-48886	train
0278|MHYB01000039.1/6330-6162	0362|MHXU01000137.1/9104-8935	train
0278|MHYB01000039.1/6330-6162	0278|MHYB01000039.1/6330-6162	train
3227|CP003056.1/979068-978920	2214|CP000560.1/454343-454486	train
3227|CP003056.1/979068-978920	3227|CP003056.1/979068-978920	train
1754|KQ758632.1/71406-71560	1754|KQ758632.1/71406-71560	train
1435|BAGZ01000008.1/93005-93162	1435|BAGZ01000008.1/93005-93162	validation
2861|LJGV01000022.1/2939694-2939870	0420|JNAD01000023.1/31568-31782	train
2861|LJGV01000022.1/2939694-2939870	2841|LGKH01003335.1/101818-101651	train
2861|LJGV01000022.1/2939694-2939870	2861|LJGV01000022.1/2939694-2939870	train
0986|FRAR01000011.1/92800-93043	2095|CAOS01000011.1/133234-133357	train
0986|FRAR01000011.1/92800-93043	3131|CP019698.1/229133-229379	train
0986|FRAR01000011.1/92800-93043	0986|FRAR01000011.1/92800-93043	train
3855|BA000004.3/632283-632434	0244|BA000004.3/632283-632434	train
3855|BA000004.3/632283-632434	3855|BA000004.3/632283-632434	train
1118|LMQI01000001.1/540621-540786	3524|LMJI01000001.1/467620-467455	train
1118|LMQI01000001.1/540621-540786	1118|LMQI01000001.1/540621-540786	train
0213|MAQX01000035.1/160596-160458	2781|MRTD01000025.1/75731-75597	train
0213|MAQX01000035.1/160596-160458	0213|MAQX01000035.1/160596-160458	train
0213|MAQX01000035.1/160596-160458	1377|MRTD01000001.1/323454-323588	train
3305|CP001738.1/3559840-3560016	3305|CP001738.1/3559840-3560016	train
3206|JTHE01000274.1/2420557-2420425	3206|JTHE01000274.1/2420557-2420425	train
2978|LT607750.1/6455473-6455609	3022|LT607733.1/6387772-6387638	train
2978|LT607750.1/6455473-6455609	3803|FMHT01000003.1/3083967-3084104	train
2978|LT607750.1/6455473-6455609	0605|LT607753.1/3611975-3612111	train
2978|LT607750.1/6455473-6455609	2978|LT607750.1/6455473-6455609	train
2450|LDNX01000148.1/33544-33736	0816|JSUH01000001.1/424497-424682	train
2450|LDNX01000148.1/33544-33736	1787|LDNX01000072.1/12543-12353	train
2450|LDNX01000148.1/33544-33736	2450|LDNX01000148.1/33544-33736	train
2120|CP003184.1/1368056-1368173	1865|FQVH01000025.1/38729-38587	train
2120|CP003184.1/1368056-1368173	2120|CP003184.1/1368056-1368173	train
1634|CP003558.1/433640-433514	1634|CP003558.1/433640-433514	train
3589|CACA01000371.1/9560-9692	0302|CP003630.1/1228123-1228241	train
3589|CACA01000371.1/9560-9692	0039|CP003630.1/796493-796622	train
3589|CACA01000371.1/9560-9692	3101|CP003552.1/1231789-1231612	train
3589|CACA01000371.1/9560-9692	3589|CACA01000371.1/9560-9692	train
3265|FQXM01000022.1/45951-45825	3265|FQXM01000022.1/45951-45825	train
2320|FODD01000032.1/15819-16037	0832|LYOY01000051.1/1278411-1278576	train
2320|FODD01000032.1/15819-16037	1169|GG657754.1/6197313-6197480	train
2320|FODD01000032.1/15819-16037	3046|LIYH01000006.1/492688-492866	train
2320|FODD01000032.1/15819-16037	0589|JTHL01000001.1/3291718-3291546	train
2320|FODD01000032.1/15819-16037	1354|CP002994.1/9808285-9808118	train
2320|FODD01000032.1/15819-16037	2320|FODD01000032.1/15819-16037	train
2320|FODD01000032.1/15819-16037	1878|JTIY01000001.1/3220744-3220922	train
2320|FODD01000032.1/15819-16037	0357|LGDD01000070.1/39091-39259	train
2024|CP001793.1/524546-524374	2024|CP001793.1/524546-524374	train
1446|LAYS01000010.1/18468-18624	1903|JRNE01000075.1/43430-43585	train
1446|LAYS01000010.1/18468-18624	1089|CP009248.1/1711842-1711690	train
1446|LAYS01000010.1/18468-18624	1446|LAYS01000010.1/18468-18624	train
2452|CP004044.1/2552726-2552590	2452|CP004044.1/2552726-2552590	train
1530|LKUC01000108.1/1329-1199	0191|JQDQ01000211.1/24299-24430	train
1530|LKUC01000108.1/1329-1199	1164|JQIE01000238.1/6681-6549	train
1530|LKUC01000108.1/1329-1199	2751|AWGX01000127.1/16862-16732	train
1530|LKUC01000108.1/1329-1199	1530|LKUC01000108.1/1329-1199	train
3370|CP000750.2/3388511-3388710	0246|CP000751.1/39835-40034	validation
3370|CP000750.2/3388511-3388710	3370|CP000750.2/3388511-3388710	validation
1097|LVJI01000018.1/72758-72925	0306|JOTM01000005.1/38305-38165	train
1097|LVJI01000018.1/72758-72925	2653|MRTH01000033.1/43606-43775	train
1097|LVJI01000018.1/72758-72925	3673|JNVM01000019.1/79294-79120	train
1097|LVJI01000018.1/72758-72925	3644|CP009282.1/2037687-2037875	train
1097|LVJI01000018.1/72758-72925	0523|CP013653.1/555492-555660	train
1097|LVJI01000018.1/72758-72925	3303|CP010976.1/2458897-2458697	train
1097|LVJI01000018.1/72758-72925	2923|LMSD01000041.1/32742-32907	train
1097|LVJI01000018.1/72758-72925	2543|CP010976.1/1050645-1050811	train
1097|LVJI01000018.1/72758-72925	2479|JUEI01000014.1/988-1174	train
1097|LVJI01000018.1/72758-72925	3484|LT840184.1/130644-130807	train
1097|LVJI01000018.1/72758-72925	1097|LVJI01000018.1/72758-72925	train
0069|AWQS01000101.1/1225-1050	3503|CP002343.1/3224877-3224697	train
0069|AWQS01000101.1/1225-1050	2490|JYOE01000014.1/138492-138279	train
0069|AWQS01000101.1/1225-1050	3126|AWSA01000008.1/1012-1196	train
0069|AWQS01000101.1/1225-1050	0069|AWQS01000101.1/1225-1050	train
0053|CP001874.1/2028921-2028795	0053|CP001874.1/2028921-2028795	train
3166|MGQP01000029.1/1839-1965	2277|MGRA01000425.1/4915-4788	validation
3166|MGQP01000029.1/1839-1965	3166|MGQP01000029.1/1839-1965	validation
1224|CP001867.1/3504815-3504656	1224|CP001867.1/3504815-3504656	validation
2488|CP001854.1/5012215-5012056	1459|MKST01000003.1/305826-305673	validation
2488|CP001854.1/5012215-5012056	2488|CP001854.1/5012215-5012056	validation
1491|MZGX01000001.1/139210-139349	0252|AORV01000010.1/25328-25188	validation
1491|MZGX01000001.1/139210-139349	1491|MZGX01000001.1/139210-139349	validation
0837|JXAK01000001.1/29504-29308	0837|JXAK01000001.1/29504-29308	validation
0458|LGTC01000001.1/4495719-4495583	0458|LGTC01000001.1/4495719-4495583	train
0407|JAQV02000028.1/25008-24860	0407|JAQV02000028.1/25008-24860	train
1193|AKKB01000079.1/115214-115059	3538|LJJB01000007.1/2001198-2001355	validation
1193|AKKB01000079.1/115214-115059	1880|LJJB01000010.1/1637355-1637512	validation
1193|AKKB01000079.1/115214-115059	0866|LQQV01000098.1/29669-29511	validation
1193|AKKB01000079.1/115214-115059	2896|AP008955.1/3258649-3258806	validation
1193|AKKB01000079.1/115214-115059	1193|AKKB01000079.1/115214-115059	validation
1193|AKKB01000079.1/115214-115059	1732|CP007806.1/4660478-4660643	validation
1193|AKKB01000079.1/115214-115059	3688|AP008955.1/613934-613777	validation
3105|LGFZ01000029.1/15303-15442	3105|LGFZ01000029.1/15303-15442	train
1765|JXAK01000030.1/36242-36408	1357|LVJI01000016.1/155334-155530	train
1765|JXAK01000030.1/36242-36408	3413|JXAK01000001.1/16864-16697	train
1765|JXAK01000030.1/36242-36408	3562|CP013652.1/4489310-4489493	train
1765|JXAK01000030.1/36242-36408	1765|JXAK01000030.1/36242-36408	train
2093|CP007032.1/1239319-1239446	2093|CP007032.1/1239319-1239446	train
1129|FMCH01000074.1/4268-4423	3516|FODD01000019.1/54397-54239	train
1129|FMCH01000074.1/4268-4423	2884|FRBI01000001.1/207682-207525	train
1129|FMCH01000074.1/4268-4423	1129|FMCH01000074.1/4268-4423	train
2576|LVJI01000048.1/222022-221846	3629|BAVZ01000003.1/319896-319731	train
2576|LVJI01000048.1/222022-221846	0130|MRTP01000004.1/279720-279874	train
2576|LVJI01000048.1/222022-221846	1005|LSFN01000014.1/508663-508831	train
2576|LVJI01000048.1/222022-221846	2576|LVJI01000048.1/222022-221846	train
1189|AGBF01000311.1/4286-4419	1189|AGBF01000311.1/4286-4419	validation
1991|FLUV01001599.1/429-265	2506|CP002801.1/2894149-2893987	train
1991|FLUV01001599.1/429-265	2815|MBLM01000126.1/72301-72495	train
1991|FLUV01001599.1/429-265	1991|FLUV01001599.1/429-265	train
1469|CP007139.1/4755896-4755761	1469|CP007139.1/4755896-4755761	train
2872|FPBV01000009.1/80862-80697	2872|FPBV01000009.1/80862-80697	train
2534|CP001738.1/334124-334266	2534|CP001738.1/334124-334266	train
1598|MRCD01000057.1/39230-39110	1598|MRCD01000057.1/39230-39110	train
3741|JRUN01000049.1/20823-20674	0886|CP003056.1/2129768-2129915	train
3741|JRUN01000049.1/20823-20674	3741|JRUN01000049.1/20823-20674	train
1284|BDCX01000001.1/644822-644664	0985|LAXD01000001.1/4192550-4192724	train
1284|BDCX01000001.1/644822-644664	2165|FZOD01000001.1/24418-24260	train
1284|BDCX01000001.1/644822-644664	1284|BDCX01000001.1/644822-644664	train
1152|JNAD01000040.1/23304-23086	3762|LJGU01000127.1/199789-199959	train
1152|JNAD01000040.1/23304-23086	1152|JNAD01000040.1/23304-23086	train
3836|CP000141.1/2221513-2221384	0001|CP000141.1/2221513-2221384	train
3836|CP000141.1/2221513-2221384	3836|CP000141.1/2221513-2221384	train
2355|MSZX01000013.1/138513-138375	1923|GG695985.1/62946-63088	train
2355|MSZX01000013.1/138513-138375	0514|KN125580.1/3429910-3430053	train
2355|MSZX01000013.1/138513-138375	2355|MSZX01000013.1/138513-138375	train
2355|MSZX01000013.1/138513-138375	3352|LSFN01000021.1/13159-13295	train
1367|CP000910.1/52585-52725	1367|CP000910.1/52585-52725	validation
1914|AKKV01000021.1/206497-206348	2196|MAQX01000022.1/113763-113600	train
1914|AKKV01000021.1/206497-206348	3180|CP015378.1/1200791-1200945	train
1914|AKKV01000021.1/206497-206348	1349|JZEJ01000001.1/3015292-3015481	train
1914|AKKV01000021.1/206497-206348	1914|AKKV01000021.1/206497-206348	train
1630|APJS01000002.1/146539-146687	0812|KE993508.1/131852-131727	train
1630|APJS01000002.1/146539-146687	1809|FUWV01000002.1/142683-142553	train
1630|APJS01000002.1/146539-146687	3244|AORV01000018.1/78418-78284	train
1630|APJS01000002.1/146539-146687	1630|APJS01000002.1/146539-146687	train
0044|CP012024.1/2887649-2887798	0044|CP012024.1/2887649-2887798	train
2917|MGMZ01000003.1/940-812	2917|MGMZ01000003.1/940-812	train
0430|LPVJ01000001.1/26076-25941	0430|LPVJ01000001.1/26076-25941	validation
2926|ADGX01000020.1/81799-82000	2607|ADGX01000205.1/5163-5365	validation
2926|ADGX01000020.1/81799-82000	3613|ADGX01000020.1/77229-77417	validation
2926|ADGX01000020.1/81799-82000	2926|ADGX01000020.1/81799-82000	validation
1835|AGUD01000091.1/5082-5252	1835|AGUD01000091.1/5082-5252	train
1463|AORZ01000022.1/2288-2137	2021|LFXA01000007.1/274413-274564	validation
1463|AORZ01000022.1/2288-2137	1463|AORZ01000022.1/2288-2137	validation
1463|AORZ01000022.1/2288-2137	3330|LMWG01000113.1/129198-129047	validation
1107|CP017717.1/12697421-12697277	1107|CP017717.1/12697421-12697277	train
3135|LJIZ01000026.1/218160-218295	3457|CGIH01000004.1/90-224	train
3135|LJIZ01000026.1/218160-218295	2913|CGIH01000033.1/4738-4604	train
3135|LJIZ01000026.1/218160-218295	3135|LJIZ01000026.1/218160-218295	train
2395|MWQN01000002.1/778378-778140	0743|CP021744.1/4686820-4687004	train
2395|MWQN01000002.1/778378-778140	1068|KQ948018.1/177946-177718	train
2395|MWQN01000002.1/778378-778140	3007|CP011492.1/773479-773695	train
2395|MWQN01000002.1/778378-778140	1297|MWQN01000001.1/5717243-5717425	train
2395|MWQN01000002.1/778378-778140	3333|CP017157.1/868248-868456	train
2395|MWQN01000002.1/778378-778140	2658|JH725387.1/4041958-4042166	train
2395|MWQN01000002.1/778378-778140	2395|MWQN01000002.1/778378-778140	train
1121|MELJ01000250.1/678-828	1121|MELJ01000250.1/678-828	validation
1415|CP000820.1/2986002-2985789	1277|LMRF01000001.1/938537-938364	train
1415|CP000820.1/2986002-2985789	1975|LT629757.1/1763688-1763864	train
1415|CP000820.1/2986002-2985789	2811|CT573213.2/5337721-5337532	train
1415|CP000820.1/2986002-2985789	0979|ADGX01000102.1/14026-14227	train
1415|CP000820.1/2986002-2985789	0927|CP000249.1/3540581-3540383	train
1415|CP000820.1/2986002-2985789	0438|LRTK01000033.1/15816-15657	train
1415|CP000820.1/2986002-2985789	1415|CP000820.1/2986002-2985789	train
1667|LXGJ01000236.1/20534-20393	1540|APBN01000015.1/28033-27895	validation
1667|LXGJ01000236.1/20534-20393	1667|LXGJ01000236.1/20534-20393	validation
1026|FQZO01000001.1/161091-161256	1026|FQZO01000001.1/161091-161256	train
3864|CP000232.1/1412184-1412326	3268|CP000232.1/1412184-1412326	train
3864|CP000232.1/1412184-1412326	3864|CP000232.1/1412184-1412326	train
3523|CP013659.2/2911298-2911447	3523|CP013659.2/2911298-2911447	validation
0594|CP007595.1/3879227-3879478	0594|CP007595.1/3879227-3879478	validation
0580|MFPR01000009.1/28426-28285	0580|MFPR01000009.1/28426-28285	train
1328|LZRT01000090.1/54644-54826	1328|LZRT01000090.1/54644-54826	train
3498|LWDV01000007.1/20117-19971	3498|LWDV01000007.1/20117-19971	train
3311|MJLT01000004.1/39571-39387	1755|CP012677.1/3988240-3988060	train
3311|MJLT01000004.1/39571-39387	1762|CP007595.1/3363564-3363386	train
3311|MJLT01000004.1/39571-39387	1360|CP012477.1/496542-496361	train
3311|MJLT01000004.1/39571-39387	3241|CP000474.1/1079302-1079469	train
3311|MJLT01000004.1/39571-39387	2087|AVPD02000050.1/1375-1209	train
3311|MJLT01000004.1/39571-39387	3299|MTPV01000026.1/57961-57779	train
3311|MJLT01000004.1/39571-39387	2877|AP014719.1/1611709-1611528	train
3311|MJLT01000004.1/39571-39387	3609|BBUD01000343.1/1835-1654	train
3311|MJLT01000004.1/39571-39387	3311|MJLT01000004.1/39571-39387	train
2124|LQOW01000006.1/73738-73545	2124|LQOW01000006.1/73738-73545	validation
2124|LQOW01000006.1/73738-73545	1411|LQOM01000031.1/68020-67814	validation
2566|LKET01000068.1/301552-301686	2566|LKET01000068.1/301552-301686	train
1849|CP002770.1/1831767-1831607	2555|LADN01000002.1/3267-3500	train
1849|CP002770.1/1831767-1831607	3773|LYVF01000013.1/19359-19206	train
1849|CP002770.1/1831767-1831607	1566|FQUW01000008.1/102958-102791	train
1849|CP002770.1/1831767-1831607	1849|CP002770.1/1831767-1831607	train
1798|CDRZ01000291.1/16745-16928	1452|CP003732.1/1864993-1865188	train
1798|CDRZ01000291.1/16745-16928	1798|CDRZ01000291.1/16745-16928	train
2344|FPBV01000001.1/378555-378430	2081|LJCO01000068.1/24506-24634	train
2344|FPBV01000001.1/378555-378430	2344|FPBV01000001.1/378555-378430	train
1864|KQ949079.1/206395-206563	0752|CM002280.1/1922589-1922432	validation
1864|KQ949079.1/206395-206563	1554|JYJH01000021.1/72816-72647	validation
1864|KQ949079.1/206395-206563	3556|GG657757.1/5265607-5265429	validation
1864|KQ949079.1/206395-206563	2739|LGUU01000257.1/36303-36090	validation
1864|KQ949079.1/206395-206563	0709|LFNT01000025.1/79124-78942	validation
1864|KQ949079.1/206395-206563	3532|FYEY01000001.1/3125113-3124901	validation
1864|KQ949079.1/206395-206563	1864|KQ949079.1/206395-206563	validation
0590|CP003170.1/6891523-6891699	0590|CP003170.1/6891523-6891699	train
3791|CP003607.1/1012134-1012000	3791|CP003607.1/1012134-1012000	train
2817|CP003235.1/1301011-1301155	0234|FPIU01000018.1/123256-123406	validation
2817|CP003235.1/1301011-1301155	3631|MRTH01000010.1/232993-232843	validation
2817|CP003235.1/1301011-1301155	0804|NHRJ01000003.1/165271-165420	validation
2817|CP003235.1/1301011-1301155	2053|JNVM01000006.1/391473-391329	validation
2817|CP003235.1/1301011-1301155	1807|CP013652.1/3061162-3061024	validation
2817|CP003235.1/1301011-1301155	2817|CP003235.1/1301011-1301155	validation
2522|AFDH01000031.1/176032-175899	2522|AFDH01000031.1/176032-175899	train
2990|AXCX01000230.1/2350-2518	2990|AXCX01000230.1/2350-2518	train
1631|CP001778.1/6241864-6241706	1631|CP001778.1/6241864-6241706	validation
1338|CP008913.1/375498-375356	1338|CP008913.1/375498-375356	validation
0319|FMIF01000028.1/177-311	0319|FMIF01000028.1/177-311	train
2130|CP001727.1/1434094-1434235	2130|CP001727.1/1434094-1434235	train
2126|MGOS01000093.1/1609-1778	2126|MGOS01000093.1/1609-1778	train
0801|KE354850.1/1-112	0700|KE354213.1/18696-18523	train
0801|KE354850.1/1-112	0801|KE354850.1/1-112	train
1797|CP003924.1/1920420-1920247	1797|CP003924.1/1920420-1920247	train
1018|CP002364.1/3329294-3329426	1018|CP002364.1/3329294-3329426	train
2182|LT629764.1/2480043-2479822	2182|LT629764.1/2480043-2479822	validation
0243|CP000232.1/996342-996181	0106|CELZ01000054.1/75738-75884	validation
0243|CP000232.1/996342-996181	0243|CP000232.1/996342-996181	validation
3332|AKFT01000201.1/6473-6309	3568|GL985606.1/751025-751192	train
3332|AKFT01000201.1/6473-6309	3332|AKFT01000201.1/6473-6309	train
3294|FOVH01000001.1/611733-611537	3294|FOVH01000001.1/611733-611537	train
1259|GG667192.1/281375-281583	1259|GG667192.1/281375-281583	train
0506|MAQX01000032.1/822959-823173	0137|MAQX01000032.1/820168-820382	train
0506|MAQX01000032.1/822959-823173	0506|MAQX01000032.1/822959-823173	train
3155|CP003065.1/428216-427973	3155|CP003065.1/428216-427973	validation
1427|BAVZ01000005.1/243570-243399	1427|BAVZ01000005.1/243570-243399	train
0853|KQ758635.1/25070-25216	2939|LILC01000010.1/24116-24255	train
0853|KQ758635.1/25070-25216	0853|KQ758635.1/25070-25216	train
2191|FRAF01000022.1/38764-38597	2191|FRAF01000022.1/38764-38597	train
0215|CP005586.1/2120453-2120590	0694|AKKB01000082.1/28009-28152	train
0215|CP005586.1/2120453-2120590	2765|APBN01000008.1/143826-143682	train
0215|CP005586.1/2120453-2120590	1466|LJJB01000015.1/170630-170485	train
0215|CP005586.1/2120453-2120590	1423|KB933398.1/3146762-3146901	train
0215|CP005586.1/2120453-2120590	0215|CP005586.1/2120453-2120590	train
2648|LN831776.1/3248813-3248970	1625|LJJB01000013.1/1116343-1116189	validation
2648|LN831776.1/3248813-3248970	2806|CP009282.1/5570696-5570563	validation
2648|LN831776.1/3248813-3248970	2648|LN831776.1/3248813-3248970	validation
1374|LIUQ01000025.1/79247-79108	0127|AP014815.1/474668-474821	validation
1374|LIUQ01000025.1/79247-79108	2718|CP003940.1/1403912-1403779	validation
1374|LIUQ01000025.1/79247-79108	2660|AP014821.1/370811-370658	validation
1374|LIUQ01000025.1/79247-79108	1374|LIUQ01000025.1/79247-79108	validation
1150|MRBZ01000066.1/16334-16139	3260|JHEG02000048.1/112924-112733	validation
1150|MRBZ01000066.1/16334-16139	1150|MRBZ01000066.1/16334-16139	validation
0542|MEKT01000206.1/55068-54929	0542|MEKT01000206.1/55068-54929	train
3031|AP009389.1/2706670-2706440	3031|AP009389.1/2706670-2706440	train
2689|LJUA01000002.1/36350-36217	2689|LJUA01000002.1/36350-36217	train
2190|CP000252.1/1919119-1919252	3832|CP000252.1/1919119-1919252	train
2190|CP000252.1/1919119-1919252	2190|CP000252.1/1919119-1919252	train
3346|CP013290.1/407703-407878	0418|LMRZ01000006.1/403830-403655	validation
3346|CP013290.1/407703-407878	0839|ALWX01000027.1/8652-8832	validation
3346|CP013290.1/407703-407878	3346|CP013290.1/407703-407878	validation
2117|MDER01000030.1/225895-226088	2117|MDER01000030.1/225895-226088	train
0303|HG764817.1/193708-193579	0303|HG764817.1/193708-193579	train
2401|GL622194.1/1962190-1962328	2401|GL622194.1/1962190-1962328	train
0510|JH417599.1/104921-105049	3714|LEKT01000015.1/14435-14563	train
0510|JH417599.1/104921-105049	2858|GL538208.1/806847-806716	train
0510|JH417599.1/104921-105049	0510|JH417599.1/104921-105049	train
1678|LMRV01000050.1/22103-22304	0984|MRTD01000006.1/225128-224930	train
1678|LMRV01000050.1/22103-22304	0525|MAQX01000022.1/114159-114360	train
1678|LMRV01000050.1/22103-22304	1678|LMRV01000050.1/22103-22304	train
1601|LGTC01000001.1/5436803-5436935	1960|CP003065.1/2058872-2058740	train
1601|LGTC01000001.1/5436803-5436935	3157|CP003870.1/92355-92219	train
1601|LGTC01000001.1/5436803-5436935	1601|LGTC01000001.1/5436803-5436935	train
1134|LGFZ01000005.1/84271-84428	0273|LGGF01000015.1/4776-4621	train
1134|LGFZ01000005.1/84271-84428	1497|LGGU01000001.1/113111-113266	train
1134|LGFZ01000005.1/84271-84428	1134|LGFZ01000005.1/84271-84428	train
0623|CP004354.1/1987212-1987041	0623|CP004354.1/1987212-1987041	train
0257|CP001793.1/6114510-6114366	3512|CP002213.2/4572548-4572396	train
0257|CP001793.1/6114510-6114366	0387|LT840184.1/852088-852229	train
0257|CP001793.1/6114510-6114366	0905|JRNV01000018.1/36863-36724	train
0257|CP001793.1/6114510-6114366	1513|LAZU01000053.1/73396-73537	train
0257|CP001793.1/6114510-6114366	0257|CP001793.1/6114510-6114366	train
2860|BAVR01000004.1/48205-48336	2860|BAVR01000004.1/48205-48336	train
